slurm_task_id,trial_id,sweep_time
1,1,619
1,2,605
1,3,602
1,4,613
1,5,609
1,6,613
1,7,610
1,8,623
1,9,650
1,10,607
1,11,625
1,12,628
1,13,618
1,14,632
1,15,609
1,16,621
1,17,634
1,18,601
1,19,613
1,20,647
1,21,629
1,22,611
1,23,589
1,24,628
1,25,598
1,26,617
1,27,606
1,28,614
1,29,634
1,30,646
1,31,562
1,32,642
1,33,641
1,34,622
1,35,614
1,36,608
1,37,630
1,38,627
1,39,621
1,40,636
1,41,612
1,42,645
1,43,637
1,44,600
1,45,628
1,46,622
1,47,638
1,48,593
1,49,610
1,50,631
1,51,615
1,52,648
1,53,624
1,54,627
1,55,602
1,56,644
1,57,598
1,58,635
1,59,628
1,60,621
1,61,626
1,62,618
1,63,629
1,64,611
1,65,624
1,66,629
1,67,614
1,68,623
1,69,619
1,70,641
1,71,618
1,72,600
1,73,602
1,74,614
1,75,600
1,76,609
1,77,605
1,78,616
1,79,592
1,80,615
1,81,632
1,82,622
1,83,616
1,84,605
1,85,627
1,86,595
1,87,646
1,88,604
1,89,618
1,90,634
1,91,602
1,92,630
1,93,614
1,94,651
1,95,633
1,96,639
1,97,657
1,98,589
1,99,607
1,100,637
2,1,637
2,2,603
2,3,599
2,4,614
2,5,616
2,6,593
2,7,606
2,8,612
2,9,646
2,10,616
2,11,611
2,12,631
2,13,609
2,14,603
2,15,624
2,16,615
2,17,606
2,18,611
2,19,576
2,20,623
2,21,631
2,22,621
2,23,608
2,24,626
2,25,625
2,26,617
2,27,626
2,28,588
2,29,626
2,30,646
2,31,611
2,32,631
2,33,632
2,34,624
2,35,623
2,36,625
2,37,647
2,38,621
2,39,631
2,40,599
2,41,605
2,42,585
2,43,634
2,44,607
2,45,609
2,46,639
2,47,624
2,48,614
2,49,619
2,50,621
2,51,640
2,52,611
2,53,631
2,54,629
2,55,609
2,56,581
2,57,598
2,58,624
2,59,634
2,60,619
2,61,613
2,62,622
2,63,608
2,64,634
2,65,657
2,66,651
2,67,631
2,68,617
2,69,597
2,70,592
2,71,639
2,72,655
2,73,620
2,74,615
2,75,623
2,76,620
2,77,639
2,78,618
2,79,644
2,80,628
2,81,643
2,82,641
2,83,593
2,84,654
2,85,606
2,86,621
2,87,632
2,88,618
2,89,615
2,90,618
2,91,629
2,92,610
2,93,624
2,94,612
2,95,631
2,96,600
2,97,609
2,98,624
2,99,668
2,100,616
3,1,619
3,2,632
3,3,629
3,4,611
3,5,624
3,6,616
3,7,609
3,8,642
3,9,613
3,10,644
3,11,648
3,12,628
3,13,598
3,14,629
3,15,614
3,16,596
3,17,642
3,18,634
3,19,610
3,20,626
3,21,543
3,22,608
3,23,616
3,24,653
3,25,614
3,26,623
3,27,626
3,28,623
3,29,642
3,30,617
3,31,627
3,32,623
3,33,620
3,34,629
3,35,637
3,36,619
3,37,642
3,38,596
3,39,646
3,40,647
3,41,553
3,42,642
3,43,630
3,44,599
3,45,619
3,46,625
3,47,603
3,48,610
3,49,624
3,50,648
3,51,651
3,52,596
3,53,632
3,54,645
3,55,626
3,56,643
3,57,610
3,58,620
3,59,626
3,60,656
3,61,606
3,62,623
3,63,608
3,64,610
3,65,660
3,66,598
3,67,610
3,68,635
3,69,588
3,70,650
3,71,638
3,72,636
3,73,620
3,74,627
3,75,639
3,76,600
3,77,628
3,78,623
3,79,607
3,80,625
3,81,614
3,82,640
3,83,641
3,84,638
3,85,647
3,86,619
3,87,629
3,88,616
3,89,627
3,90,625
3,91,644
3,92,613
3,93,609
3,94,614
3,95,615
3,96,598
3,97,618
3,98,606
3,99,658
3,100,611
4,1,607
4,2,630
4,3,615
4,4,591
4,5,612
4,6,633
4,7,615
4,8,605
4,9,614
4,10,612
4,11,583
4,12,596
4,13,640
4,14,609
4,15,638
4,16,620
4,17,623
4,18,633
4,19,649
4,20,646
4,21,627
4,22,637
4,23,606
4,24,644
4,25,631
4,26,630
4,27,619
4,28,627
4,29,604
4,30,639
4,31,607
4,32,636
4,33,622
4,34,634
4,35,631
4,36,620
4,37,609
4,38,608
4,39,641
4,40,635
4,41,598
4,42,614
4,43,620
4,44,651
4,45,630
4,46,643
4,47,617
4,48,630
4,49,618
4,50,594
4,51,631
4,52,627
4,53,600
4,54,636
4,55,613
4,56,646
4,57,623
4,58,640
4,59,612
4,60,621
4,61,608
4,62,624
4,63,618
4,64,629
4,65,635
4,66,598
4,67,601
4,68,619
4,69,621
4,70,607
4,71,629
4,72,589
4,73,598
4,74,655
4,75,637
4,76,612
4,77,601
4,78,641
4,79,611
4,80,615
4,81,642
4,82,597
4,83,616
4,84,644
4,85,621
4,86,606
4,87,631
4,88,612
4,89,617
4,90,635
4,91,614
4,92,629
4,93,650
4,94,613
4,95,625
4,96,609
4,97,640
4,98,650
4,99,656
4,100,640
5,1,618
5,2,561
5,3,618
5,4,652
5,5,619
5,6,599
5,7,619
5,8,631
5,9,591
5,10,614
5,11,621
5,12,661
5,13,625
5,14,594
5,15,610
5,16,612
5,17,633
5,18,591
5,19,641
5,20,619
5,21,635
5,22,622
5,23,604
5,24,603
5,25,608
5,26,630
5,27,622
5,28,637
5,29,616
5,30,628
5,31,613
5,32,628
5,33,610
5,34,614
5,35,632
5,36,593
5,37,624
5,38,614
5,39,626
5,40,664
5,41,616
5,42,627
5,43,656
5,44,631
5,45,611
5,46,616
5,47,656
5,48,625
5,49,627
5,50,605
5,51,617
5,52,613
5,53,620
5,54,597
5,55,605
5,56,613
5,57,654
5,58,622
5,59,622
5,60,627
5,61,615
5,62,635
5,63,615
5,64,623
5,65,622
5,66,662
5,67,600
5,68,637
5,69,611
5,70,605
5,71,595
5,72,651
5,73,662
5,74,603
5,75,629
5,76,612
5,77,623
5,78,565
5,79,596
5,80,603
5,81,592
5,82,646
5,83,639
5,84,610
5,85,616
5,86,586
5,87,624
5,88,606
5,89,609
5,90,608
5,91,620
5,92,587
5,93,565
5,94,657
5,95,640
5,96,584
5,97,645
5,98,624
5,99,607
5,100,615
6,1,621
6,2,604
6,3,619
6,4,631
6,5,597
6,6,611
6,7,629
6,8,629
6,9,654
6,10,611
6,11,615
6,12,643
6,13,616
6,14,635
6,15,640
6,16,614
6,17,651
6,18,601
6,19,603
6,20,630
6,21,638
6,22,617
6,23,617
6,24,620
6,25,591
6,26,614
6,27,634
6,28,606
6,29,616
6,30,598
6,31,628
6,32,617
6,33,645
6,34,643
6,35,611
6,36,634
6,37,645
6,38,621
6,39,638
6,40,635
6,41,624
6,42,632
6,43,634
6,44,622
6,45,636
6,46,645
6,47,630
6,48,619
6,49,634
6,50,621
6,51,597
6,52,614
6,53,645
6,54,603
6,55,649
6,56,633
6,57,625
6,58,625
6,59,625
6,60,656
6,61,608
6,62,628
6,63,629
6,64,633
6,65,637
6,66,600
6,67,634
6,68,646
6,69,619
6,70,611
6,71,617
6,72,616
6,73,632
6,74,614
6,75,648
6,76,617
6,77,606
6,78,656
6,79,634
6,80,621
6,81,602
6,82,641
6,83,637
6,84,618
6,85,629
6,86,617
6,87,626
6,88,613
6,89,622
6,90,591
6,91,596
6,92,621
6,93,602
6,94,647
6,95,616
6,96,631
6,97,621
6,98,591
6,99,645
6,100,663
7,1,652
7,2,629
7,3,617
7,4,622
7,5,597
7,6,619
7,7,618
7,8,625
7,9,567
7,10,626
7,11,642
7,12,616
7,13,600
7,14,586
7,15,588
7,16,609
7,17,636
7,18,635
7,19,628
7,20,622
7,21,625
7,22,633
7,23,632
7,24,627
7,25,617
7,26,613
7,27,605
7,28,624
7,29,608
7,30,623
7,31,633
7,32,624
7,33,623
7,34,603
7,35,636
7,36,590
7,37,602
7,38,622
7,39,616
7,40,646
7,41,638
7,42,615
7,43,620
7,44,618
7,45,660
7,46,613
7,47,623
7,48,590
7,49,615
7,50,606
7,51,646
7,52,629
7,53,635
7,54,607
7,55,620
7,56,632
7,57,625
7,58,611
7,59,634
7,60,591
7,61,603
7,62,645
7,63,612
7,64,641
7,65,675
7,66,611
7,67,607
7,68,640
7,69,664
7,70,615
7,71,649
7,72,613
7,73,612
7,74,608
7,75,598
7,76,616
7,77,623
7,78,599
7,79,622
7,80,595
7,81,610
7,82,604
7,83,618
7,84,620
7,85,623
7,86,634
7,87,647
7,88,627
7,89,567
7,90,642
7,91,624
7,92,649
7,93,598
7,94,628
7,95,632
7,96,601
7,97,626
7,98,598
7,99,641
7,100,616
8,1,621
8,2,620
8,3,632
8,4,617
8,5,633
8,6,617
8,7,604
8,8,622
8,9,646
8,10,608
8,11,636
8,12,649
8,13,628
8,14,658
8,15,586
8,16,624
8,17,648
8,18,608
8,19,635
8,20,627
8,21,632
8,22,612
8,23,628
8,24,584
8,25,606
8,26,622
8,27,607
8,28,632
8,29,626
8,30,635
8,31,613
8,32,601
8,33,674
8,34,617
8,35,641
8,36,625
8,37,610
8,38,598
8,39,611
8,40,635
8,41,604
8,42,594
8,43,619
8,44,632
8,45,624
8,46,629
8,47,623
8,48,663
8,49,614
8,50,629
8,51,613
8,52,598
8,53,621
8,54,633
8,55,634
8,56,645
8,57,616
8,58,618
8,59,623
8,60,603
8,61,625
8,62,612
8,63,660
8,64,609
8,65,621
8,66,622
8,67,624
8,68,631
8,69,624
8,70,611
8,71,630
8,72,614
8,73,604
8,74,610
8,75,621
8,76,639
8,77,651
8,78,610
8,79,616
8,80,625
8,81,657
8,82,609
8,83,638
8,84,624
8,85,633
8,86,606
8,87,637
8,88,608
8,89,616
8,90,597
8,91,636
8,92,615
8,93,636
8,94,620
8,95,622
8,96,579
8,97,618
8,98,642
8,99,601
8,100,607
9,1,608
9,2,632
9,3,602
9,4,645
9,5,633
9,6,608
9,7,624
9,8,588
9,9,628
9,10,633
9,11,616
9,12,623
9,13,604
9,14,631
9,15,613
9,16,640
9,17,652
9,18,653
9,19,630
9,20,637
9,21,605
9,22,619
9,23,629
9,24,614
9,25,625
9,26,612
9,27,635
9,28,646
9,29,612
9,30,627
9,31,619
9,32,657
9,33,615
9,34,629
9,35,602
9,36,632
9,37,619
9,38,598
9,39,629
9,40,617
9,41,609
9,42,629
9,43,624
9,44,642
9,45,627
9,46,646
9,47,610
9,48,628
9,49,599
9,50,577
9,51,637
9,52,645
9,53,629
9,54,654
9,55,623
9,56,630
9,57,616
9,58,627
9,59,631
9,60,598
9,61,613
9,62,632
9,63,639
9,64,633
9,65,601
9,66,620
9,67,629
9,68,639
9,69,629
9,70,658
9,71,623
9,72,638
9,73,631
9,74,621
9,75,635
9,76,625
9,77,671
9,78,613
9,79,616
9,80,606
9,81,631
9,82,636
9,83,620
9,84,606
9,85,616
9,86,652
9,87,611
9,88,609
9,89,617
9,90,624
9,91,637
9,92,611
9,93,606
9,94,622
9,95,615
9,96,654
9,97,605
9,98,625
9,99,615
9,100,633
10,1,608
10,2,635
10,3,624
10,4,628
10,5,607
10,6,594
10,7,583
10,8,643
10,9,637
10,10,652
10,11,623
10,12,633
10,13,602
10,14,609
10,15,638
10,16,596
10,17,640
10,18,623
10,19,596
10,20,624
10,21,604
10,22,614
10,23,650
10,24,606
10,25,601
10,26,626
10,27,642
10,28,619
10,29,618
10,30,628
10,31,647
10,32,660
10,33,607
10,34,604
10,35,618
10,36,623
10,37,599
10,38,618
10,39,632
10,40,623
10,41,585
10,42,613
10,43,639
10,44,631
10,45,611
10,46,633
10,47,614
10,48,595
10,49,608
10,50,638
10,51,629
10,52,636
10,53,661
10,54,623
10,55,590
10,56,628
10,57,629
10,58,619
10,59,648
10,60,633
10,61,635
10,62,610
10,63,641
10,64,631
10,65,601
10,66,628
10,67,615
10,68,637
10,69,619
10,70,665
10,71,614
10,72,625
10,73,623
10,74,614
10,75,627
10,76,617
10,77,632
10,78,628
10,79,612
10,80,611
10,81,608
10,82,638
10,83,603
10,84,623
10,85,630
10,86,632
10,87,602
10,88,601
10,89,614
10,90,652
10,91,611
10,92,616
10,93,609
10,94,638
10,95,622
10,96,623
10,97,614
10,98,615
10,99,628
10,100,612
11,1,604
11,2,615
11,3,602
11,4,635
11,5,670
11,6,647
11,7,634
11,8,632
11,9,647
11,10,609
11,11,603
11,12,621
11,13,610
11,14,609
11,15,622
11,16,645
11,17,615
11,18,613
11,19,630
11,20,616
11,21,600
11,22,617
11,23,612
11,24,624
11,25,619
11,26,638
11,27,607
11,28,617
11,29,651
11,30,609
11,31,611
11,32,621
11,33,616
11,34,634
11,35,609
11,36,605
11,37,609
11,38,596
11,39,613
11,40,620
11,41,664
11,42,626
11,43,621
11,44,623
11,45,613
11,46,624
11,47,610
11,48,661
11,49,609
11,50,628
11,51,658
11,52,615
11,53,620
11,54,610
11,55,623
11,56,625
11,57,618
11,58,610
11,59,609
11,60,631
11,61,637
11,62,610
11,63,612
11,64,623
11,65,621
11,66,627
11,67,617
11,68,628
11,69,621
11,70,617
11,71,661
11,72,607
11,73,611
11,74,620
11,75,633
11,76,618
11,77,623
11,78,613
11,79,607
11,80,600
11,81,667
11,82,625
11,83,629
11,84,646
11,85,615
11,86,621
11,87,627
11,88,640
11,89,623
11,90,647
11,91,610
11,92,639
11,93,605
11,94,616
11,95,649
11,96,644
11,97,609
11,98,634
11,99,600
11,100,628
12,1,615
12,2,651
12,3,615
12,4,632
12,5,636
12,6,608
12,7,644
12,8,599
12,9,622
12,10,623
12,11,600
12,12,627
12,13,615
12,14,603
12,15,617
12,16,619
12,17,635
12,18,617
12,19,616
12,20,596
12,21,605
12,22,621
12,23,611
12,24,616
12,25,593
12,26,614
12,27,614
12,28,615
12,29,594
12,30,612
12,31,611
12,32,598
12,33,608
12,34,610
12,35,596
12,36,638
12,37,594
12,38,625
12,39,616
12,40,608
12,41,616
12,42,639
12,43,632
12,44,630
12,45,620
12,46,637
12,47,631
12,48,606
12,49,626
12,50,630
12,51,636
12,52,629
12,53,645
12,54,617
12,55,605
12,56,626
12,57,623
12,58,603
12,59,632
12,60,610
12,61,610
12,62,621
12,63,628
12,64,631
12,65,589
12,66,635
12,67,641
12,68,651
12,69,610
12,70,622
12,71,619
12,72,661
12,73,639
12,74,627
12,75,623
12,76,644
12,77,624
12,78,600
12,79,600
12,80,622
12,81,638
12,82,599
12,83,610
12,84,627
12,85,610
12,86,630
12,87,605
12,88,573
12,89,626
12,90,627
12,91,629
12,92,620
12,93,595
12,94,637
12,95,648
12,96,625
12,97,643
12,98,619
12,99,601
12,100,578
13,1,630
13,2,610
13,3,613
13,4,606
13,5,631
13,6,605
13,7,615
13,8,615
13,9,639
13,10,612
13,11,606
13,12,576
13,13,638
13,14,633
13,15,625
13,16,618
13,17,611
13,18,632
13,19,599
13,20,628
13,21,640
13,22,629
13,23,625
13,24,609
13,25,623
13,26,642
13,27,645
13,28,627
13,29,616
13,30,633
13,31,648
13,32,613
13,33,633
13,34,599
13,35,614
13,36,631
13,37,613
13,38,617
13,39,642
13,40,585
13,41,610
13,42,611
13,43,615
13,44,634
13,45,645
13,46,628
13,47,618
13,48,629
13,49,628
13,50,594
13,51,563
13,52,612
13,53,659
13,54,617
13,55,625
13,56,620
13,57,631
13,58,654
13,59,622
13,60,637
13,61,605
13,62,613
13,63,619
13,64,629
13,65,630
13,66,618
13,67,600
13,68,622
13,69,620
13,70,640
13,71,635
13,72,630
13,73,661
13,74,618
13,75,596
13,76,619
13,77,615
13,78,641
13,79,616
13,80,618
13,81,628
13,82,622
13,83,632
13,84,631
13,85,633
13,86,614
13,87,609
13,88,616
13,89,639
13,90,655
13,91,626
13,92,604
13,93,607
13,94,626
13,95,594
13,96,602
13,97,600
13,98,622
13,99,609
13,100,624
14,1,613
14,2,597
14,3,622
14,4,624
14,5,640
14,6,628
14,7,623
14,8,639
14,9,603
14,10,620
14,11,610
14,12,653
14,13,633
14,14,629
14,15,612
14,16,615
14,17,624
14,18,626
14,19,578
14,20,624
14,21,626
14,22,625
14,23,611
14,24,634
14,25,630
14,26,636
14,27,606
14,28,613
14,29,638
14,30,599
14,31,620
14,32,661
14,33,575
14,34,647
14,35,619
14,36,620
14,37,620
14,38,635
14,39,625
14,40,630
14,41,649
14,42,632
14,43,604
14,44,624
14,45,614
14,46,611
14,47,611
14,48,610
14,49,616
14,50,606
14,51,619
14,52,602
14,53,634
14,54,642
14,55,636
14,56,625
14,57,622
14,58,612
14,59,619
14,60,623
14,61,626
14,62,630
14,63,603
14,64,618
14,65,598
14,66,633
14,67,608
14,68,615
14,69,598
14,70,642
14,71,631
14,72,654
14,73,600
14,74,650
14,75,640
14,76,610
14,77,619
14,78,630
14,79,604
14,80,568
14,81,631
14,82,616
14,83,623
14,84,628
14,85,610
14,86,672
14,87,620
14,88,610
14,89,659
14,90,632
14,91,628
14,92,618
14,93,631
14,94,604
14,95,624
14,96,626
14,97,606
14,98,619
14,99,603
14,100,613
15,1,609
15,2,622
15,3,630
15,4,629
15,5,607
15,6,642
15,7,602
15,8,615
15,9,606
15,10,603
15,11,640
15,12,618
15,13,607
15,14,625
15,15,637
15,16,600
15,17,605
15,18,647
15,19,626
15,20,629
15,21,611
15,22,617
15,23,648
15,24,598
15,25,661
15,26,612
15,27,598
15,28,612
15,29,638
15,30,600
15,31,643
15,32,599
15,33,623
15,34,627
15,35,597
15,36,603
15,37,618
15,38,622
15,39,613
15,40,653
15,41,625
15,42,641
15,43,629
15,44,617
15,45,626
15,46,649
15,47,608
15,48,630
15,49,620
15,50,629
15,51,629
15,52,630
15,53,633
15,54,613
15,55,618
15,56,607
15,57,586
15,58,603
15,59,608
15,60,624
15,61,618
15,62,607
15,63,562
15,64,634
15,65,638
15,66,620
15,67,623
15,68,606
15,69,606
15,70,624
15,71,605
15,72,631
15,73,612
15,74,626
15,75,587
15,76,599
15,77,608
15,78,607
15,79,600
15,80,598
15,81,612
15,82,602
15,83,641
15,84,621
15,85,621
15,86,647
15,87,618
15,88,625
15,89,637
15,90,633
15,91,605
15,92,628
15,93,653
15,94,635
15,95,628
15,96,595
15,97,631
15,98,625
15,99,601
15,100,625
16,1,620
16,2,604
16,3,653
16,4,607
16,5,637
16,6,590
16,7,647
16,8,612
16,9,630
16,10,631
16,11,617
16,12,620
16,13,585
16,14,606
16,15,631
16,16,615
16,17,623
16,18,619
16,19,611
16,20,606
16,21,582
16,22,630
16,23,616
16,24,608
16,25,600
16,26,617
16,27,601
16,28,636
16,29,598
16,30,612
16,31,630
16,32,606
16,33,620
16,34,590
16,35,610
16,36,640
16,37,620
16,38,600
16,39,623
16,40,642
16,41,604
16,42,614
16,43,616
16,44,637
16,45,631
16,46,646
16,47,606
16,48,615
16,49,626
16,50,638
16,51,652
16,52,641
16,53,660
16,54,603
16,55,623
16,56,614
16,57,628
16,58,616
16,59,607
16,60,607
16,61,632
16,62,612
16,63,627
16,64,623
16,65,613
16,66,626
16,67,645
16,68,623
16,69,609
16,70,586
16,71,638
16,72,611
16,73,613
16,74,639
16,75,619
16,76,619
16,77,619
16,78,616
16,79,614
16,80,610
16,81,655
16,82,629
16,83,622
16,84,628
16,85,606
16,86,624
16,87,631
16,88,616
16,89,389
16,90,623
16,91,648
16,92,631
16,93,625
16,94,619
16,95,623
16,96,614
16,97,622
16,98,620
16,99,669
16,100,627
17,1,618
17,2,603
17,3,627
17,4,603
17,5,622
17,6,623
17,7,634
17,8,618
17,9,584
17,10,616
17,11,576
17,12,614
17,13,607
17,14,624
17,15,626
17,16,630
17,17,602
17,18,611
17,19,642
17,20,620
17,21,645
17,22,610
17,23,620
17,24,622
17,25,637
17,26,660
17,27,636
17,28,580
17,29,660
17,30,619
17,31,628
17,32,605
17,33,629
17,34,611
17,35,622
17,36,624
17,37,618
17,38,624
17,39,634
17,40,617
17,41,623
17,42,621
17,43,603
17,44,632
17,45,626
17,46,611
17,47,619
17,48,611
17,49,595
17,50,598
17,51,592
17,52,644
17,53,613
17,54,645
17,55,643
17,56,629
17,57,643
17,58,663
17,59,622
17,60,601
17,61,602
17,62,626
17,63,649
17,64,637
17,65,594
17,66,661
17,67,631
17,68,628
17,69,619
17,70,643
17,71,617
17,72,605
17,73,614
17,74,625
17,75,626
17,76,636
17,77,654
17,78,637
17,79,637
17,80,617
17,81,623
17,82,626
17,83,651
17,84,618
17,85,615
17,86,636
17,87,650
17,88,628
17,89,614
17,90,635
17,91,610
17,92,623
17,93,642
17,94,615
17,95,635
17,96,629
17,97,611
17,98,626
17,99,617
17,100,614
18,1,625
18,2,604
18,3,613
18,4,625
18,5,618
18,6,609
18,7,600
18,8,628
18,9,632
18,10,656
18,11,663
18,12,625
18,13,607
18,14,612
18,15,601
18,16,612
18,17,624
18,18,621
18,19,604
18,20,637
18,21,598
18,22,647
18,23,662
18,24,644
18,25,640
18,26,632
18,27,613
18,28,642
18,29,621
18,30,625
18,31,623
18,32,635
18,33,610
18,34,627
18,35,630
18,36,607
18,37,611
18,38,602
18,39,635
18,40,610
18,41,606
18,42,634
18,43,633
18,44,606
18,45,628
18,46,605
18,47,630
18,48,622
18,49,614
18,50,612
18,51,618
18,52,616
18,53,592
18,54,656
18,55,591
18,56,633
18,57,616
18,58,634
18,59,630
18,60,638
18,61,629
18,62,662
18,63,627
18,64,642
18,65,624
18,66,625
18,67,627
18,68,635
18,69,634
18,70,619
18,71,617
18,72,652
18,73,617
18,74,627
18,75,633
18,76,651
18,77,632
18,78,635
18,79,615
18,80,611
18,81,659
18,82,630
18,83,609
18,84,647
18,85,620
18,86,619
18,87,610
18,88,620
18,89,606
18,90,617
18,91,616
18,92,637
18,93,642
18,94,606
18,95,635
18,96,611
18,97,609
18,98,625
18,99,601
18,100,641
19,1,620
19,2,611
19,3,596
19,4,612
19,5,652
19,6,633
19,7,645
19,8,617
19,9,620
19,10,610
19,11,644
19,12,635
19,13,600
19,14,633
19,15,608
19,16,633
19,17,639
19,18,600
19,19,604
19,20,610
19,21,605
19,22,615
19,23,608
19,24,598
19,25,629
19,26,626
19,27,620
19,28,620
19,29,621
19,30,619
19,31,628
19,32,614
19,33,622
19,34,622
19,35,610
19,36,620
19,37,628
19,38,639
19,39,591
19,40,620
19,41,636
19,42,615
19,43,632
19,44,646
19,45,616
19,46,642
19,47,601
19,48,614
19,49,630
19,50,629
19,51,635
19,52,616
19,53,617
19,54,620
19,55,610
19,56,649
19,57,622
19,58,627
19,59,629
19,60,595
19,61,606
19,62,626
19,63,637
19,64,629
19,65,628
19,66,643
19,67,623
19,68,609
19,69,632
19,70,617
19,71,629
19,72,630
19,73,636
19,74,631
19,75,609
19,76,632
19,77,621
19,78,666
19,79,615
19,80,645
19,81,627
19,82,646
19,83,638
19,84,630
19,85,612
19,86,613
19,87,579
19,88,607
19,89,617
19,90,623
19,91,628
19,92,583
19,93,635
19,94,628
19,95,633
19,96,617
19,97,615
19,98,641
19,99,605
19,100,594
20,1,648
20,2,596
20,3,621
20,4,607
20,5,610
20,6,660
20,7,613
20,8,585
20,9,645
20,10,612
20,11,585
20,12,628
20,13,619
20,14,616
20,15,623
20,16,613
20,17,626
20,18,630
20,19,630
20,20,627
20,21,608
20,22,596
20,23,613
20,24,623
20,25,652
20,26,604
20,27,619
20,28,625
20,29,625
20,30,620
20,31,603
20,32,621
20,33,646
20,34,660
20,35,619
20,36,618
20,37,626
20,38,598
20,39,611
20,40,618
20,41,617
20,42,634
20,43,625
20,44,618
20,45,627
20,46,610
20,47,594
20,48,670
20,49,636
20,50,628
20,51,622
20,52,612
20,53,613
20,54,625
20,55,603
20,56,627
20,57,625
20,58,615
20,59,640
20,60,620
20,61,604
20,62,624
20,63,623
20,64,642
20,65,621
20,66,623
20,67,638
20,68,617
20,69,621
20,70,637
20,71,661
20,72,628
20,73,655
20,74,625
20,75,607
20,76,551
20,77,659
20,78,620
20,79,650
20,80,606
20,81,625
20,82,638
20,83,644
20,84,601
20,85,623
20,86,621
20,87,619
20,88,623
20,89,607
20,90,631
20,91,634
20,92,612
20,93,622
20,94,658
20,95,647
20,96,623
20,97,615
20,98,602
20,99,614
20,100,601
21,1,651
21,2,627
21,3,605
21,4,625
21,5,629
21,6,608
21,7,615
21,8,562
21,9,624
21,10,621
21,11,664
21,12,609
21,13,615
21,14,610
21,15,614
21,16,586
21,17,623
21,18,639
21,19,613
21,20,608
21,21,651
21,22,617
21,23,608
21,24,608
21,25,603
21,26,620
21,27,608
21,28,623
21,29,625
21,30,634
21,31,601
21,32,612
21,33,608
21,34,605
21,35,651
21,36,607
21,37,597
21,38,642
21,39,640
21,40,647
21,41,631
21,42,613
21,43,617
21,44,610
21,45,577
21,46,619
21,47,616
21,48,613
21,49,617
21,50,612
21,51,601
21,52,615
21,53,628
21,54,641
21,55,621
21,56,595
21,57,669
21,58,602
21,59,642
21,60,633
21,61,606
21,62,665
21,63,608
21,64,622
21,65,614
21,66,600
21,67,620
21,68,615
21,69,631
21,70,639
21,71,623
21,72,602
21,73,609
21,74,616
21,75,614
21,76,634
21,77,621
21,78,613
21,79,612
21,80,631
21,81,575
21,82,609
21,83,629
21,84,570
21,85,637
21,86,612
21,87,613
21,88,626
21,89,615
21,90,601
21,91,633
21,92,634
21,93,607
21,94,641
21,95,629
21,96,677
21,97,608
21,98,648
21,99,633
21,100,614
22,1,602
22,2,625
22,3,627
22,4,551
22,5,616
22,6,618
22,7,627
22,8,588
22,9,610
22,10,624
22,11,640
22,12,626
22,13,628
22,14,622
22,15,598
22,16,636
22,17,637
22,18,620
22,19,642
22,20,614
22,21,565
22,22,621
22,23,632
22,24,606
22,25,610
22,26,661
22,27,642
22,28,646
22,29,601
22,30,633
22,31,610
22,32,623
22,33,619
22,34,619
22,35,625
22,36,608
22,37,618
22,38,615
22,39,619
22,40,605
22,41,633
22,42,603
22,43,632
22,44,615
22,45,609
22,46,602
22,47,620
22,48,598
22,49,608
22,50,627
22,51,637
22,52,613
22,53,649
22,54,620
22,55,638
22,56,633
22,57,653
22,58,613
22,59,640
22,60,597
22,61,627
22,62,614
22,63,625
22,64,629
22,65,590
22,66,630
22,67,643
22,68,633
22,69,637
22,70,628
22,71,631
22,72,642
22,73,620
22,74,620
22,75,617
22,76,618
22,77,592
22,78,621
22,79,629
22,80,611
22,81,601
22,82,640
22,83,612
22,84,633
22,85,617
22,86,625
22,87,615
22,88,607
22,89,571
22,90,622
22,91,607
22,92,623
22,93,641
22,94,558
22,95,629
22,96,614
22,97,621
22,98,616
22,99,608
22,100,638
23,1,603
23,2,631
23,3,616
23,4,625
23,5,619
23,6,640
23,7,631
23,8,646
23,9,628
23,10,663
23,11,587
23,12,638
23,13,621
23,14,599
23,15,635
23,16,644
23,17,649
23,18,610
23,19,612
23,20,637
23,21,623
23,22,639
23,23,639
23,24,618
23,25,602
23,26,621
23,27,556
23,28,628
23,29,634
23,30,633
23,31,622
23,32,664
23,33,624
23,34,623
23,35,615
23,36,604
23,37,620
23,38,642
23,39,629
23,40,645
23,41,616
23,42,609
23,43,607
23,44,630
23,45,632
23,46,645
23,47,625
23,48,642
23,49,617
23,50,613
23,51,621
23,52,626
23,53,615
23,54,616
23,55,603
23,56,608
23,57,619
23,58,627
23,59,617
23,60,619
23,61,616
23,62,616
23,63,601
23,64,658
23,65,639
23,66,625
23,67,615
23,68,601
23,69,628
23,70,606
23,71,631
23,72,606
23,73,642
23,74,635
23,75,605
23,76,598
23,77,625
23,78,647
23,79,616
23,80,617
23,81,621
23,82,626
23,83,651
23,84,608
23,85,619
23,86,629
23,87,624
23,88,636
23,89,597
23,90,562
23,91,610
23,92,615
23,93,624
23,94,594
23,95,623
23,96,618
23,97,611
23,98,615
23,99,591
23,100,621
24,1,617
24,2,623
24,3,621
24,4,627
24,5,625
24,6,638
24,7,618
24,8,638
24,9,609
24,10,634
24,11,638
24,12,612
24,13,621
24,14,632
24,15,607
24,16,626
24,17,615
24,18,617
24,19,630
24,20,577
24,21,600
24,22,581
24,23,625
24,24,632
24,25,618
24,26,601
24,27,652
24,28,613
24,29,614
24,30,611
24,31,638
24,32,614
24,33,644
24,34,605
24,35,608
24,36,640
24,37,601
24,38,649
24,39,610
24,40,665
24,41,619
24,42,599
24,43,613
24,44,623
24,45,613
24,46,649
24,47,615
24,48,634
24,49,625
24,50,601
24,51,641
24,52,644
24,53,641
24,54,625
24,55,647
24,56,635
24,57,624
24,58,620
24,59,648
24,60,628
24,61,633
24,62,618
24,63,641
24,64,631
24,65,614
24,66,612
24,67,612
24,68,628
24,69,621
24,70,631
24,71,622
24,72,612
24,73,618
24,74,455
24,75,636
24,76,611
24,77,607
24,78,625
24,79,641
24,80,615
24,81,622
24,82,634
24,83,632
24,84,603
24,85,613
24,86,624
24,87,614
24,88,613
24,89,601
24,90,628
24,91,628
24,92,636
24,93,611
24,94,606
24,95,604
24,96,627
24,97,632
24,98,614
24,99,610
24,100,630
25,1,603
25,2,622
25,3,630
25,4,614
25,5,611
25,6,601
25,7,640
25,8,623
25,9,623
25,10,629
25,11,620
25,12,629
25,13,618
25,14,613
25,15,614
25,16,615
25,17,605
25,18,619
25,19,610
25,20,632
25,21,633
25,22,650
25,23,614
25,24,618
25,25,629
25,26,609
25,27,629
25,28,618
25,29,656
25,30,611
25,31,652
25,32,606
25,33,609
25,34,610
25,35,634
25,36,603
25,37,604
25,38,637
25,39,610
25,40,629
25,41,610
25,42,618
25,43,633
25,44,615
25,45,657
25,46,631
25,47,575
25,48,634
25,49,619
25,50,599
25,51,616
25,52,620
25,53,629
25,54,650
25,55,620
25,56,620
25,57,645
25,58,621
25,59,647
25,60,652
25,61,607
25,62,644
25,63,632
25,64,634
25,65,618
25,66,631
25,67,626
25,68,611
25,69,632
25,70,622
25,71,604
25,72,630
25,73,631
25,74,620
25,75,615
25,76,649
25,77,612
25,78,620
25,79,605
25,80,648
25,81,600
25,82,620
25,83,612
25,84,639
25,85,561
25,86,603
25,87,625
25,88,624
25,89,638
25,90,615
25,91,616
25,92,624
25,93,597
25,94,606
25,95,604
25,96,634
25,97,610
25,98,639
25,99,614
25,100,637
26,1,605
26,2,653
26,3,626
26,4,597
26,5,649
26,6,625
26,7,613
26,8,623
26,9,660
26,10,603
26,11,606
26,12,641
26,13,624
26,14,609
26,15,620
26,16,592
26,17,617
26,18,616
26,19,625
26,20,615
26,21,621
26,22,644
26,23,637
26,24,646
26,25,636
26,26,632
26,27,613
26,28,610
26,29,635
26,30,629
26,31,628
26,32,666
26,33,623
26,34,644
26,35,628
26,36,648
26,37,595
26,38,628
26,39,617
26,40,610
26,41,618
26,42,611
26,43,633
26,44,637
26,45,623
26,46,614
26,47,628
26,48,618
26,49,621
26,50,625
26,51,610
26,52,663
26,53,658
26,54,603
26,55,615
26,56,611
26,57,654
26,58,615
26,59,629
26,60,638
26,61,622
26,62,623
26,63,629
26,64,561
26,65,607
26,66,628
26,67,611
26,68,619
26,69,608
26,70,605
26,71,606
26,72,619
26,73,626
26,74,638
26,75,629
26,76,632
26,77,628
26,78,627
26,79,645
26,80,642
26,81,604
26,82,619
26,83,647
26,84,585
26,85,618
26,86,667
26,87,617
26,88,596
26,89,618
26,90,614
26,91,642
26,92,616
26,93,622
26,94,662
26,95,611
26,96,590
26,97,603
26,98,643
26,99,611
26,100,614
27,1,638
27,2,624
27,3,612
27,4,609
27,5,621
27,6,607
27,7,624
27,8,632
27,9,617
27,10,612
27,11,630
27,12,626
27,13,606
27,14,609
27,15,622
27,16,619
27,17,634
27,18,615
27,19,621
27,20,651
27,21,625
27,22,619
27,23,619
27,24,606
27,25,604
27,26,618
27,27,639
27,28,626
27,29,629
27,30,604
27,31,611
27,32,634
27,33,618
27,34,621
27,35,637
27,36,639
27,37,679
27,38,610
27,39,638
27,40,670
27,41,599
27,42,628
27,43,645
27,44,611
27,45,627
27,46,605
27,47,629
27,48,619
27,49,608
27,50,640
27,51,619
27,52,620
27,53,614
27,54,593
27,55,616
27,56,637
27,57,617
27,58,615
27,59,641
27,60,628
27,61,630
27,62,619
27,63,645
27,64,620
27,65,640
27,66,614
27,67,637
27,68,625
27,69,606
27,70,619
27,71,620
27,72,636
27,73,626
27,74,621
27,75,657
27,76,660
27,77,603
27,78,626
27,79,613
27,80,635
27,81,634
27,82,630
27,83,610
27,84,623
27,85,620
27,86,631
27,87,642
27,88,616
27,89,636
27,90,648
27,91,613
27,92,626
27,93,605
27,94,632
27,95,645
27,96,594
27,97,639
27,98,620
27,99,638
27,100,640
28,1,610
28,2,620
28,3,616
28,4,620
28,5,637
28,6,614
28,7,607
28,8,614
28,9,622
28,10,626
28,11,545
28,12,643
28,13,585
28,14,651
28,15,613
28,16,597
28,17,610
28,18,616
28,19,618
28,20,628
28,21,627
28,22,603
28,23,628
28,24,623
28,25,640
28,26,607
28,27,635
28,28,617
28,29,612
28,30,600
28,31,614
28,32,647
28,33,648
28,34,582
28,35,611
28,36,624
28,37,660
28,38,613
28,39,649
28,40,628
28,41,624
28,42,609
28,43,636
28,44,634
28,45,614
28,46,674
28,47,622
28,48,630
28,49,602
28,50,627
28,51,605
28,52,624
28,53,616
28,54,643
28,55,614
28,56,613
28,57,635
28,58,659
28,59,619
28,60,626
28,61,620
28,62,647
28,63,642
28,64,625
28,65,608
28,66,641
28,67,623
28,68,623
28,69,647
28,70,627
28,71,624
28,72,619
28,73,623
28,74,609
28,75,610
28,76,605
28,77,635
28,78,626
28,79,614
28,80,637
28,81,622
28,82,632
28,83,613
28,84,626
28,85,642
28,86,611
28,87,642
28,88,637
28,89,597
28,90,595
28,91,636
28,92,623
28,93,631
28,94,641
28,95,619
28,96,642
28,97,610
28,98,626
28,99,605
28,100,618
29,1,618
29,2,638
29,3,634
29,4,638
29,5,630
29,6,643
29,7,586
29,8,611
29,9,608
29,10,654
29,11,632
29,12,639
29,13,612
29,14,626
29,15,623
29,16,644
29,17,615
29,18,626
29,19,620
29,20,622
29,21,614
29,22,642
29,23,628
29,24,652
29,25,635
29,26,617
29,27,617
29,28,640
29,29,613
29,30,644
29,31,630
29,32,624
29,33,621
29,34,625
29,35,618
29,36,590
29,37,632
29,38,640
29,39,599
29,40,615
29,41,623
29,42,610
29,43,608
29,44,620
29,45,611
29,46,614
29,47,630
29,48,593
29,49,636
29,50,629
29,51,606
29,52,642
29,53,651
29,54,625
29,55,625
29,56,605
29,57,634
29,58,617
29,59,614
29,60,632
29,61,634
29,62,607
29,63,622
29,64,648
29,65,645
29,66,634
29,67,622
29,68,628
29,69,603
29,70,645
29,71,594
29,72,609
29,73,620
29,74,635
29,75,625
29,76,637
29,77,599
29,78,646
29,79,633
29,80,603
29,81,556
29,82,626
29,83,644
29,84,621
29,85,610
29,86,640
29,87,611
29,88,621
29,89,619
29,90,614
29,91,625
29,92,624
29,93,579
29,94,607
29,95,609
29,96,636
29,97,579
29,98,626
29,99,646
29,100,627
30,1,654
30,2,619
30,3,640
30,4,633
30,5,601
30,6,600
30,7,626
30,8,626
30,9,597
30,10,624
30,11,625
30,12,643
30,13,597
30,14,613
30,15,632
30,16,616
30,17,625
30,18,642
30,19,613
30,20,644
30,21,632
30,22,634
30,23,602
30,24,652
30,25,596
30,26,606
30,27,625
30,28,618
30,29,610
30,30,613
30,31,649
30,32,622
30,33,631
30,34,632
30,35,628
30,36,599
30,37,627
30,38,639
30,39,635
30,40,628
30,41,643
30,42,604
30,43,614
30,44,626
30,45,594
30,46,629
30,47,611
30,48,626
30,49,623
30,50,612
30,51,632
30,52,627
30,53,624
30,54,621
30,55,649
30,56,597
30,57,630
30,58,598
30,59,610
30,60,637
30,61,641
30,62,610
30,63,610
30,64,620
30,65,598
30,66,624
30,67,606
30,68,610
30,69,639
30,70,608
30,71,627
30,72,611
30,73,622
30,74,599
30,75,640
30,76,615
30,77,629
30,78,626
30,79,601
30,80,590
30,81,601
30,82,612
30,83,595
30,84,620
30,85,618
30,86,629
30,87,591
30,88,612
30,89,610
30,90,605
30,91,661
30,92,629
30,93,628
30,94,605
30,95,622
30,96,616
30,97,620
30,98,650
30,99,633
30,100,624
31,1,624
31,2,628
31,3,624
31,4,601
31,5,605
31,6,630
31,7,601
31,8,612
31,9,617
31,10,608
31,11,623
31,12,654
31,13,600
31,14,642
31,15,636
31,16,612
31,17,616
31,18,609
31,19,603
31,20,608
31,21,624
31,22,609
31,23,610
31,24,637
31,25,624
31,26,595
31,27,624
31,28,639
31,29,612
31,30,630
31,31,619
31,32,613
31,33,641
31,34,633
31,35,635
31,36,591
31,37,625
31,38,597
31,39,619
31,40,599
31,41,626
31,42,599
31,43,623
31,44,591
31,45,604
31,46,620
31,47,632
31,48,614
31,49,604
31,50,591
31,51,629
31,52,619
31,53,614
31,54,580
31,55,613
31,56,626
31,57,661
31,58,599
31,59,623
31,60,606
31,61,633
31,62,592
31,63,614
31,64,630
31,65,619
31,66,623
31,67,622
31,68,609
31,69,627
31,70,608
31,71,616
31,72,617
31,73,589
31,74,611
31,75,607
31,76,622
31,77,604
31,78,620
31,79,616
31,80,627
31,81,608
31,82,624
31,83,597
31,84,608
31,85,623
31,86,621
31,87,604
31,88,622
31,89,616
31,90,600
31,91,614
31,92,615
31,93,612
31,94,619
31,95,608
31,96,624
31,97,653
31,98,597
31,99,615
31,100,632
32,1,612
32,2,645
32,3,607
32,4,629
32,5,632
32,6,643
32,7,634
32,8,638
32,9,602
32,10,613
32,11,623
32,12,627
32,13,624
32,14,613
32,15,633
32,16,620
32,17,618
32,18,605
32,19,624
32,20,635
32,21,638
32,22,650
32,23,624
32,24,612
32,25,617
32,26,602
32,27,628
32,28,616
32,29,624
32,30,637
32,31,636
32,32,609
32,33,642
32,34,610
32,35,610
32,36,609
32,37,631
32,38,632
32,39,622
32,40,613
32,41,618
32,42,607
32,43,621
32,44,612
32,45,636
32,46,627
32,47,579
32,48,623
32,49,626
32,50,630
32,51,601
32,52,633
32,53,615
32,54,663
32,55,640
32,56,636
32,57,610
32,58,609
32,59,616
32,60,610
32,61,608
32,62,653
32,63,635
32,64,602
32,65,605
32,66,602
32,67,619
32,68,641
32,69,607
32,70,632
32,71,631
32,72,638
32,73,619
32,74,639
32,75,628
32,76,611
32,77,627
32,78,621
32,79,627
32,80,612
32,81,626
32,82,638
32,83,626
32,84,618
32,85,620
32,86,614
32,87,628
32,88,631
32,89,625
32,90,641
32,91,616
32,92,620
32,93,630
32,94,626
32,95,555
32,96,628
32,97,599
32,98,628
32,99,609
32,100,635
33,1,639
33,2,646
33,3,591
33,4,631
33,5,614
33,6,642
33,7,641
33,8,606
33,9,616
33,10,628
33,11,611
33,12,631
33,13,633
33,14,611
33,15,628
33,16,640
33,17,619
33,18,623
33,19,650
33,20,629
33,21,613
33,22,582
33,23,614
33,24,601
33,25,651
33,26,639
33,27,608
33,28,623
33,29,648
33,30,639
33,31,656
33,32,651
33,33,623
33,34,634
33,35,623
33,36,624
33,37,613
33,38,609
33,39,615
33,40,633
33,41,606
33,42,642
33,43,619
33,44,620
33,45,603
33,46,626
33,47,638
33,48,634
33,49,608
33,50,610
33,51,617
33,52,638
33,53,625
33,54,603
33,55,611
33,56,614
33,57,644
33,58,594
33,59,616
33,60,617
33,61,619
33,62,581
33,63,634
33,64,621
33,65,613
33,66,622
33,67,635
33,68,613
33,69,626
33,70,605
33,71,622
33,72,602
33,73,613
33,74,611
33,75,601
33,76,608
33,77,599
33,78,612
33,79,604
33,80,621
33,81,614
33,82,634
33,83,630
33,84,593
33,85,633
33,86,639
33,87,597
33,88,622
33,89,630
33,90,613
33,91,623
33,92,612
33,93,607
33,94,606
33,95,616
33,96,637
33,97,617
33,98,633
33,99,616
33,100,634
34,1,600
34,2,664
34,3,630
34,4,608
34,5,617
34,6,615
34,7,623
34,8,664
34,9,621
34,10,618
34,11,628
34,12,612
34,13,625
34,14,607
34,15,576
34,16,639
34,17,635
34,18,600
34,19,614
34,20,629
34,21,624
34,22,616
34,23,641
34,24,609
34,25,638
34,26,623
34,27,573
34,28,612
34,29,645
34,30,644
34,31,645
34,32,607
34,33,614
34,34,621
34,35,625
34,36,612
34,37,646
34,38,597
34,39,599
34,40,637
34,41,588
34,42,631
34,43,619
34,44,620
34,45,626
34,46,613
34,47,596
34,48,637
34,49,626
34,50,630
34,51,603
34,52,599
34,53,622
34,54,629
34,55,628
34,56,623
34,57,632
34,58,602
34,59,628
34,60,616
34,61,631
34,62,627
34,63,615
34,64,639
34,65,617
34,66,632
34,67,609
34,68,653
34,69,602
34,70,591
34,71,625
34,72,630
34,73,620
34,74,643
34,75,623
34,76,616
34,77,631
34,78,608
34,79,607
34,80,604
34,81,620
34,82,638
34,83,635
34,84,645
34,85,608
34,86,614
34,87,628
34,88,600
34,89,622
34,90,613
34,91,628
34,92,619
34,93,645
34,94,603
34,95,615
34,96,628
34,97,638
34,98,603
34,99,673
34,100,565
35,1,632
35,2,617
35,3,604
35,4,598
35,5,628
35,6,624
35,7,606
35,8,597
35,9,605
35,10,622
35,11,637
35,12,618
35,13,628
35,14,630
35,15,629
35,16,630
35,17,617
35,18,607
35,19,609
35,20,645
35,21,640
35,22,590
35,23,634
35,24,621
35,25,603
35,26,628
35,27,628
35,28,617
35,29,626
35,30,615
35,31,619
35,32,637
35,33,628
35,34,611
35,35,622
35,36,609
35,37,619
35,38,625
35,39,609
35,40,650
35,41,643
35,42,618
35,43,621
35,44,625
35,45,639
35,46,605
35,47,602
35,48,649
35,49,637
35,50,609
35,51,624
35,52,635
35,53,616
35,54,611
35,55,623
35,56,624
35,57,616
35,58,614
35,59,634
35,60,642
35,61,610
35,62,643
35,63,639
35,64,630
35,65,635
35,66,644
35,67,629
35,68,626
35,69,624
35,70,616
35,71,644
35,72,624
35,73,578
35,74,606
35,75,627
35,76,626
35,77,617
35,78,619
35,79,666
35,80,612
35,81,642
35,82,621
35,83,631
35,84,636
35,85,628
35,86,625
35,87,613
35,88,619
35,89,624
35,90,575
35,91,615
35,92,620
35,93,628
35,94,632
35,95,642
35,96,617
35,97,628
35,98,622
35,99,626
35,100,624
36,1,588
36,2,607
36,3,644
36,4,618
36,5,611
36,6,642
36,7,648
36,8,620
36,9,621
36,10,623
36,11,621
36,12,611
36,13,622
36,14,627
36,15,654
36,16,601
36,17,593
36,18,627
36,19,624
36,20,633
36,21,603
36,22,652
36,23,620
36,24,630
36,25,626
36,26,623
36,27,642
36,28,631
36,29,625
36,30,635
36,31,631
36,32,648
36,33,602
36,34,624
36,35,609
36,36,616
36,37,632
36,38,637
36,39,607
36,40,629
36,41,655
36,42,609
36,43,626
36,44,601
36,45,613
36,46,636
36,47,612
36,48,612
36,49,650
36,50,628
36,51,633
36,52,613
36,53,621
36,54,653
36,55,595
36,56,636
36,57,635
36,58,628
36,59,635
36,60,622
36,61,640
36,62,611
36,63,593
36,64,631
36,65,639
36,66,608
36,67,614
36,68,600
36,69,606
36,70,646
36,71,609
36,72,622
36,73,608
36,74,638
36,75,617
36,76,640
36,77,655
36,78,616
36,79,637
36,80,630
36,81,646
36,82,649
36,83,639
36,84,606
36,85,625
36,86,610
36,87,636
36,88,658
36,89,629
36,90,638
36,91,631
36,92,605
36,93,633
36,94,608
36,95,606
36,96,597
36,97,620
36,98,631
36,99,612
36,100,608
37,1,608
37,2,601
37,3,582
37,4,628
37,5,615
37,6,543
37,7,628
37,8,612
37,9,622
37,10,621
37,11,624
37,12,639
37,13,600
37,14,602
37,15,620
37,16,608
37,17,638
37,18,614
37,19,611
37,20,623
37,21,621
37,22,639
37,23,639
37,24,636
37,25,600
37,26,614
37,27,624
37,28,624
37,29,617
37,30,620
37,31,634
37,32,608
37,33,633
37,34,635
37,35,603
37,36,599
37,37,659
37,38,632
37,39,622
37,40,638
37,41,618
37,42,595
37,43,616
37,44,600
37,45,634
37,46,628
37,47,649
37,48,601
37,49,598
37,50,559
37,51,629
37,52,611
37,53,609
37,54,602
37,55,610
37,56,656
37,57,617
37,58,593
37,59,622
37,60,619
37,61,626
37,62,629
37,63,566
37,64,641
37,65,611
37,66,604
37,67,611
37,68,633
37,69,640
37,70,623
37,71,607
37,72,617
37,73,631
37,74,595
37,75,615
37,76,634
37,77,592
37,78,627
37,79,616
37,80,635
37,81,609
37,82,577
37,83,614
37,84,626
37,85,636
37,86,613
37,87,632
37,88,625
37,89,612
37,90,625
37,91,645
37,92,608
37,93,623
37,94,594
37,95,620
37,96,623
37,97,641
37,98,630
37,99,620
37,100,607
38,1,631
38,2,609
38,3,640
38,4,609
38,5,619
38,6,603
38,7,602
38,8,594
38,9,609
38,10,614
38,11,638
38,12,637
38,13,628
38,14,626
38,15,634
38,16,626
38,17,624
38,18,627
38,19,612
38,20,622
38,21,611
38,22,608
38,23,602
38,24,611
38,25,645
38,26,593
38,27,638
38,28,626
38,29,630
38,30,620
38,31,644
38,32,595
38,33,631
38,34,626
38,35,608
38,36,626
38,37,611
38,38,610
38,39,615
38,40,600
38,41,595
38,42,599
38,43,620
38,44,614
38,45,681
38,46,618
38,47,623
38,48,622
38,49,617
38,50,652
38,51,618
38,52,624
38,53,624
38,54,621
38,55,622
38,56,608
38,57,612
38,58,601
38,59,613
38,60,622
38,61,609
38,62,611
38,63,613
38,64,615
38,65,634
38,66,637
38,67,594
38,68,621
38,69,634
38,70,625
38,71,652
38,72,630
38,73,626
38,74,634
38,75,607
38,76,616
38,77,630
38,78,628
38,79,613
38,80,610
38,81,638
38,82,646
38,83,615
38,84,638
38,85,621
38,86,647
38,87,639
38,88,645
38,89,594
38,90,621
38,91,611
38,92,619
38,93,608
38,94,576
38,95,616
38,96,636
38,97,650
38,98,635
38,99,609
38,100,607
39,1,633
39,2,613
39,3,625
39,4,600
39,5,601
39,6,636
39,7,629
39,8,607
39,9,583
39,10,630
39,11,616
39,12,629
39,13,612
39,14,609
39,15,634
39,16,580
39,17,606
39,18,628
39,19,630
39,20,631
39,21,620
39,22,628
39,23,650
39,24,627
39,25,611
39,26,629
39,27,605
39,28,634
39,29,611
39,30,600
39,31,627
39,32,608
39,33,611
39,34,640
39,35,608
39,36,641
39,37,613
39,38,647
39,39,608
39,40,616
39,41,620
39,42,617
39,43,602
39,44,622
39,45,628
39,46,620
39,47,603
39,48,630
39,49,608
39,50,617
39,51,620
39,52,606
39,53,607
39,54,644
39,55,611
39,56,673
39,57,636
39,58,621
39,59,645
39,60,662
39,61,630
39,62,591
39,63,641
39,64,619
39,65,656
39,66,619
39,67,617
39,68,615
39,69,619
39,70,625
39,71,611
39,72,616
39,73,605
39,74,628
39,75,606
39,76,621
39,77,613
39,78,665
39,79,618
39,80,600
39,81,595
39,82,620
39,83,627
39,84,624
39,85,650
39,86,610
39,87,626
39,88,630
39,89,616
39,90,637
39,91,614
39,92,585
39,93,627
39,94,632
39,95,563
39,96,608
39,97,626
39,98,638
39,99,631
39,100,633
40,1,612
40,2,615
40,3,629
40,4,623
40,5,622
40,6,637
40,7,626
40,8,627
40,9,633
40,10,613
40,11,619
40,12,629
40,13,613
40,14,587
40,15,644
40,16,592
40,17,613
40,18,622
40,19,617
40,20,647
40,21,640
40,22,650
40,23,634
40,24,610
40,25,638
40,26,603
40,27,632
40,28,640
40,29,636
40,30,650
40,31,640
40,32,631
40,33,677
40,34,583
40,35,617
40,36,629
40,37,629
40,38,635
40,39,602
40,40,590
40,41,622
40,42,616
40,43,594
40,44,620
40,45,598
40,46,604
40,47,629
40,48,626
40,49,632
40,50,638
40,51,623
40,52,606
40,53,612
40,54,615
40,55,657
40,56,616
40,57,627
40,58,647
40,59,602
40,60,644
40,61,615
40,62,596
40,63,632
40,64,626
40,65,619
40,66,618
40,67,649
40,68,635
40,69,615
40,70,634
40,71,623
40,72,629
40,73,643
40,74,641
40,75,620
40,76,634
40,77,640
40,78,641
40,79,609
40,80,618
40,81,613
40,82,639
40,83,561
40,84,622
40,85,601
40,86,630
40,87,620
40,88,627
40,89,616
40,90,622
40,91,640
40,92,652
40,93,642
40,94,640
40,95,601
40,96,631
40,97,621
40,98,620
40,99,623
40,100,611
41,1,650
41,2,631
41,3,628
41,4,615
41,5,605
41,6,631
41,7,614
41,8,603
41,9,614
41,10,621
41,11,624
41,12,652
41,13,616
41,14,653
41,15,628
41,16,600
41,17,614
41,18,631
41,19,603
41,20,605
41,21,622
41,22,622
41,23,611
41,24,611
41,25,630
41,26,613
41,27,633
41,28,613
41,29,596
41,30,638
41,31,626
41,32,614
41,33,663
41,34,604
41,35,639
41,36,616
41,37,614
41,38,632
41,39,637
41,40,657
41,41,623
41,42,621
41,43,623
41,44,642
41,45,610
41,46,622
41,47,609
41,48,654
41,49,614
41,50,606
41,51,629
41,52,609
41,53,611
41,54,629
41,55,602
41,56,638
41,57,616
41,58,618
41,59,639
41,60,607
41,61,640
41,62,652
41,63,598
41,64,616
41,65,619
41,66,606
41,67,624
41,68,612
41,69,620
41,70,632
41,71,638
41,72,616
41,73,629
41,74,622
41,75,649
41,76,625
41,77,626
41,78,622
41,79,625
41,80,602
41,81,613
41,82,610
41,83,611
41,84,626
41,85,627
41,86,603
41,87,616
41,88,644
41,89,618
41,90,650
41,91,612
41,92,634
41,93,606
41,94,638
41,95,621
41,96,624
41,97,646
41,98,646
41,99,609
41,100,643
42,1,627
42,2,616
42,3,611
42,4,627
42,5,613
42,6,589
42,7,627
42,8,638
42,9,630
42,10,643
42,11,607
42,12,651
42,13,622
42,14,611
42,15,645
42,16,620
42,17,613
42,18,611
42,19,633
42,20,625
42,21,661
42,22,620
42,23,629
42,24,624
42,25,617
42,26,648
42,27,636
42,28,605
42,29,624
42,30,638
42,31,636
42,32,609
42,33,618
42,34,628
42,35,631
42,36,611
42,37,599
42,38,631
42,39,650
42,40,598
42,41,593
42,42,613
42,43,620
42,44,621
42,45,624
42,46,630
42,47,595
42,48,610
42,49,601
42,50,599
42,51,627
42,52,631
42,53,628
42,54,636
42,55,630
42,56,631
42,57,596
42,58,605
42,59,613
42,60,614
42,61,621
42,62,649
42,63,625
42,64,651
42,65,640
42,66,638
42,67,647
42,68,603
42,69,639
42,70,629
42,71,616
42,72,628
42,73,655
42,74,631
42,75,638
42,76,620
42,77,605
42,78,636
42,79,615
42,80,642
42,81,615
42,82,628
42,83,645
42,84,638
42,85,618
42,86,622
42,87,610
42,88,616
42,89,613
42,90,613
42,91,639
42,92,596
42,93,621
42,94,614
42,95,625
42,96,625
42,97,623
42,98,642
42,99,623
42,100,603
43,1,658
43,2,587
43,3,612
43,4,624
43,5,630
43,6,607
43,7,618
43,8,607
43,9,607
43,10,688
43,11,629
43,12,601
43,13,605
43,14,649
43,15,622
43,16,624
43,17,633
43,18,624
43,19,605
43,20,628
43,21,599
43,22,630
43,23,607
43,24,669
43,25,605
43,26,650
43,27,608
43,28,650
43,29,637
43,30,627
43,31,620
43,32,614
43,33,593
43,34,618
43,35,648
43,36,634
43,37,659
43,38,606
43,39,592
43,40,632
43,41,619
43,42,619
43,43,626
43,44,630
43,45,606
43,46,618
43,47,591
43,48,618
43,49,642
43,50,627
43,51,638
43,52,570
43,53,627
43,54,625
43,55,611
43,56,634
43,57,643
43,58,632
43,59,599
43,60,623
43,61,624
43,62,620
43,63,625
43,64,637
43,65,616
43,66,622
43,67,622
43,68,609
43,69,618
43,70,643
43,71,598
43,72,626
43,73,641
43,74,611
43,75,658
43,76,630
43,77,633
43,78,636
43,79,608
43,80,627
43,81,591
43,82,639
43,83,637
43,84,631
43,85,608
43,86,637
43,87,609
43,88,617
43,89,613
43,90,624
43,91,603
43,92,601
43,93,630
43,94,629
43,95,616
43,96,651
43,97,609
43,98,639
43,99,610
43,100,609
44,1,641
44,2,602
44,3,624
44,4,630
44,5,628
44,6,598
44,7,627
44,8,640
44,9,611
44,10,622
44,11,620
44,12,619
44,13,620
44,14,587
44,15,670
44,16,623
44,17,602
44,18,594
44,19,631
44,20,637
44,21,614
44,22,630
44,23,639
44,24,634
44,25,632
44,26,610
44,27,645
44,28,615
44,29,648
44,30,580
44,31,627
44,32,617
44,33,621
44,34,613
44,35,644
44,36,663
44,37,620
44,38,616
44,39,607
44,40,637
44,41,625
44,42,621
44,43,622
44,44,619
44,45,605
44,46,600
44,47,604
44,48,632
44,49,627
44,50,621
44,51,663
44,52,622
44,53,609
44,54,612
44,55,624
44,56,594
44,57,614
44,58,625
44,59,627
44,60,619
44,61,650
44,62,622
44,63,638
44,64,635
44,65,643
44,66,642
44,67,613
44,68,620
44,69,630
44,70,598
44,71,614
44,72,628
44,73,594
44,74,554
44,75,630
44,76,611
44,77,600
44,78,634
44,79,639
44,80,617
44,81,626
44,82,619
44,83,613
44,84,617
44,85,607
44,86,631
44,87,644
44,88,615
44,89,599
44,90,651
44,91,615
44,92,642
44,93,625
44,94,623
44,95,625
44,96,620
44,97,628
44,98,638
44,99,623
44,100,641
45,1,648
45,2,601
45,3,626
45,4,615
45,5,625
45,6,627
45,7,629
45,8,612
45,9,625
45,10,641
45,11,610
45,12,622
45,13,611
45,14,598
45,15,618
45,16,629
45,17,626
45,18,620
45,19,657
45,20,607
45,21,616
45,22,612
45,23,582
45,24,600
45,25,624
45,26,616
45,27,670
45,28,616
45,29,615
45,30,660
45,31,645
45,32,605
45,33,596
45,34,619
45,35,595
45,36,609
45,37,618
45,38,608
45,39,621
45,40,626
45,41,636
45,42,625
45,43,640
45,44,620
45,45,604
45,46,670
45,47,616
45,48,615
45,49,644
45,50,652
45,51,630
45,52,657
45,53,616
45,54,622
45,55,616
45,56,609
45,57,595
45,58,602
45,59,663
45,60,634
45,61,607
45,62,612
45,63,648
45,64,602
45,65,619
45,66,641
45,67,660
45,68,610
45,69,628
45,70,616
45,71,603
45,72,607
45,73,648
45,74,621
45,75,663
45,76,629
45,77,598
45,78,627
45,79,610
45,80,624
45,81,588
45,82,618
45,83,627
45,84,634
45,85,624
45,86,614
45,87,670
45,88,656
45,89,612
45,90,611
45,91,621
45,92,649
45,93,622
45,94,664
45,95,625
45,96,617
45,97,627
45,98,627
45,99,613
45,100,636
46,1,636
46,2,613
46,3,605
46,4,624
46,5,624
46,6,636
46,7,625
46,8,657
46,9,622
46,10,611
46,11,609
46,12,609
46,13,602
46,14,624
46,15,655
46,16,607
46,17,622
46,18,664
46,19,636
46,20,613
46,21,602
46,22,616
46,23,620
46,24,605
46,25,639
46,26,641
46,27,626
46,28,605
46,29,626
46,30,626
46,31,608
46,32,626
46,33,649
46,34,627
46,35,640
46,36,620
46,37,604
46,38,604
46,39,643
46,40,621
46,41,617
46,42,606
46,43,610
46,44,616
46,45,607
46,46,602
46,47,635
46,48,625
46,49,622
46,50,662
46,51,630
46,52,603
46,53,591
46,54,626
46,55,646
46,56,627
46,57,624
46,58,637
46,59,605
46,60,617
46,61,617
46,62,622
46,63,606
46,64,623
46,65,618
46,66,612
46,67,658
46,68,601
46,69,607
46,70,616
46,71,627
46,72,614
46,73,649
46,74,632
46,75,617
46,76,629
46,77,617
46,78,616
46,79,631
46,80,609
46,81,603
46,82,649
46,83,638
46,84,617
46,85,637
46,86,614
46,87,617
46,88,645
46,89,620
46,90,656
46,91,619
46,92,544
46,93,637
46,94,602
46,95,640
46,96,607
46,97,644
46,98,635
46,99,671
46,100,626
47,1,628
47,2,617
47,3,614
47,4,626
47,5,619
47,6,611
47,7,649
47,8,659
47,9,633
47,10,604
47,11,602
47,12,618
47,13,561
47,14,640
47,15,633
47,16,604
47,17,610
47,18,633
47,19,599
47,20,607
47,21,578
47,22,627
47,23,643
47,24,616
47,25,592
47,26,608
47,27,624
47,28,633
47,29,615
47,30,622
47,31,640
47,32,611
47,33,619
47,34,619
47,35,619
47,36,643
47,37,613
47,38,605
47,39,619
47,40,608
47,41,631
47,42,613
47,43,619
47,44,599
47,45,635
47,46,642
47,47,600
47,48,663
47,49,627
47,50,632
47,51,600
47,52,631
47,53,624
47,54,642
47,55,605
47,56,612
47,57,632
47,58,615
47,59,659
47,60,636
47,61,636
47,62,636
47,63,639
47,64,649
47,65,623
47,66,647
47,67,618
47,68,619
47,69,651
47,70,634
47,71,626
47,72,648
47,73,639
47,74,615
47,75,602
47,76,638
47,77,633
47,78,637
47,79,598
47,80,607
47,81,622
47,82,655
47,83,621
47,84,613
47,85,652
47,86,583
47,87,627
47,88,610
47,89,614
47,90,611
47,91,646
47,92,638
47,93,588
47,94,588
47,95,631
47,96,639
47,97,648
47,98,641
47,99,622
47,100,587
48,1,623
48,2,625
48,3,630
48,4,624
48,5,618
48,6,640
48,7,575
48,8,622
48,9,630
48,10,634
48,11,617
48,12,624
48,13,594
48,14,612
48,15,615
48,16,607
48,17,657
48,18,640
48,19,631
48,20,641
48,21,609
48,22,633
48,23,587
48,24,613
48,25,599
48,26,607
48,27,636
48,28,618
48,29,609
48,30,634
48,31,623
48,32,623
48,33,621
48,34,624
48,35,653
48,36,657
48,37,631
48,38,621
48,39,590
48,40,599
48,41,597
48,42,615
48,43,609
48,44,626
48,45,618
48,46,603
48,47,635
48,48,628
48,49,598
48,50,618
48,51,610
48,52,604
48,53,613
48,54,608
48,55,627
48,56,624
48,57,610
48,58,608
48,59,625
48,60,601
48,61,629
48,62,614
48,63,615
48,64,631
48,65,606
48,66,622
48,67,611
48,68,619
48,69,606
48,70,636
48,71,606
48,72,622
48,73,629
48,74,628
48,75,602
48,76,647
48,77,649
48,78,642
48,79,621
48,80,606
48,81,596
48,82,651
48,83,652
48,84,634
48,85,608
48,86,634
48,87,593
48,88,629
48,89,624
48,90,622
48,91,608
48,92,609
48,93,621
48,94,635
48,95,612
48,96,600
48,97,611
48,98,601
48,99,606
48,100,613
49,1,638
49,2,626
49,3,631
49,4,622
49,5,600
49,6,627
49,7,605
49,8,573
49,9,600
49,10,619
49,11,617
49,12,613
49,13,665
49,14,640
49,15,621
49,16,618
49,17,610
49,18,598
49,19,605
49,20,617
49,21,644
49,22,611
49,23,604
49,24,632
49,25,612
49,26,586
49,27,618
49,28,629
49,29,621
49,30,610
49,31,637
49,32,609
49,33,615
49,34,628
49,35,617
49,36,635
49,37,619
49,38,629
49,39,623
49,40,624
49,41,611
49,42,606
49,43,601
49,44,644
49,45,620
49,46,671
49,47,654
49,48,619
49,49,610
49,50,600
49,51,647
49,52,632
49,53,627
49,54,636
49,55,631
49,56,601
49,57,628
49,58,614
49,59,646
49,60,639
49,61,619
49,62,612
49,63,629
49,64,638
49,65,608
49,66,615
49,67,628
49,68,621
49,69,620
49,70,614
49,71,642
49,72,626
49,73,607
49,74,609
49,75,624
49,76,640
49,77,612
49,78,620
49,79,633
49,80,611
49,81,620
49,82,616
49,83,623
49,84,589
49,85,629
49,86,661
49,87,597
49,88,594
49,89,637
49,90,620
49,91,644
49,92,609
49,93,638
49,94,610
49,95,623
49,96,604
49,97,618
49,98,622
49,99,620
49,100,637
50,1,603
50,2,626
50,3,644
50,4,608
50,5,617
50,6,605
50,7,616
50,8,636
50,9,605
50,10,625
50,11,623
50,12,627
50,13,632
50,14,627
50,15,617
50,16,641
50,17,610
50,18,602
50,19,613
50,20,636
50,21,604
50,22,638
50,23,647
50,24,626
50,25,622
50,26,623
50,27,608
50,28,627
50,29,585
50,30,600
50,31,628
50,32,646
50,33,646
50,34,594
50,35,626
50,36,638
50,37,631
50,38,622
50,39,615
50,40,611
50,41,643
50,42,653
50,43,610
50,44,630
50,45,638
50,46,608
50,47,602
50,48,653
50,49,640
50,50,660
50,51,628
50,52,588
50,53,636
50,54,618
50,55,654
50,56,613
50,57,608
50,58,627
50,59,614
50,60,634
50,61,622
50,62,624
50,63,622
50,64,610
50,65,621
50,66,644
50,67,616
50,68,626
50,69,613
50,70,606
50,71,618
50,72,631
50,73,637
50,74,626
50,75,617
50,76,620
50,77,601
50,78,616
50,79,635
50,80,623
50,81,640
50,82,628
50,83,614
50,84,608
50,85,651
50,86,622
50,87,647
50,88,615
50,89,614
50,90,618
50,91,617
50,92,627
50,93,655
50,94,654
50,95,621
50,96,617
50,97,624
50,98,632
50,99,633
50,100,663
51,1,616
51,2,627
51,3,627
51,4,632
51,5,608
51,6,615
51,7,582
51,8,636
51,9,627
51,10,606
51,11,641
51,12,615
51,13,651
51,14,618
51,15,599
51,16,589
51,17,574
51,18,623
51,19,624
51,20,635
51,21,641
51,22,651
51,23,662
51,24,620
51,25,608
51,26,619
51,27,609
51,28,629
51,29,607
51,30,605
51,31,645
51,32,618
51,33,573
51,34,628
51,35,635
51,36,613
51,37,647
51,38,632
51,39,631
51,40,622
51,41,636
51,42,605
51,43,623
51,44,612
51,45,593
51,46,604
51,47,600
51,48,653
51,49,620
51,50,612
51,51,628
51,52,645
51,53,605
51,54,626
51,55,630
51,56,621
51,57,618
51,58,641
51,59,632
51,60,639
51,61,620
51,62,629
51,63,622
51,64,606
51,65,643
51,66,629
51,67,644
51,68,603
51,69,636
51,70,642
51,71,591
51,72,609
51,73,615
51,74,638
51,75,632
51,76,643
51,77,655
51,78,602
51,79,617
51,80,620
51,81,633
51,82,616
51,83,609
51,84,607
51,85,601
51,86,606
51,87,626
51,88,599
51,89,617
51,90,622
51,91,622
51,92,639
51,93,631
51,94,634
51,95,601
51,96,629
51,97,598
51,98,632
51,99,643
51,100,627
52,1,622
52,2,653
52,3,617
52,4,626
52,5,636
52,6,616
52,7,622
52,8,622
52,9,643
52,10,615
52,11,618
52,12,598
52,13,607
52,14,633
52,15,632
52,16,619
52,17,635
52,18,611
52,19,622
52,20,623
52,21,586
52,22,599
52,23,620
52,24,619
52,25,648
52,26,599
52,27,620
52,28,611
52,29,634
52,30,613
52,31,625
52,32,635
52,33,608
52,34,622
52,35,637
52,36,607
52,37,618
52,38,597
52,39,621
52,40,621
52,41,627
52,42,640
52,43,642
52,44,623
52,45,632
52,46,601
52,47,611
52,48,601
52,49,617
52,50,621
52,51,616
52,52,597
52,53,586
52,54,610
52,55,625
52,56,630
52,57,639
52,58,632
52,59,633
52,60,637
52,61,636
52,62,618
52,63,602
52,64,653
52,65,658
52,66,618
52,67,610
52,68,626
52,69,633
52,70,628
52,71,621
52,72,617
52,73,622
52,74,637
52,75,626
52,76,608
52,77,615
52,78,610
52,79,619
52,80,577
52,81,629
52,82,628
52,83,590
52,84,641
52,85,651
52,86,667
52,87,610
52,88,636
52,89,588
52,90,638
52,91,631
52,92,591
52,93,599
52,94,595
52,95,581
52,96,668
52,97,608
52,98,621
52,99,610
52,100,649
53,1,635
53,2,653
53,3,628
53,4,620
53,5,621
53,6,629
53,7,595
53,8,630
53,9,608
53,10,635
53,11,602
53,12,619
53,13,633
53,14,595
53,15,613
53,16,580
53,17,620
53,18,619
53,19,632
53,20,609
53,21,609
53,22,591
53,23,601
53,24,611
53,25,647
53,26,606
53,27,619
53,28,612
53,29,622
53,30,652
53,31,610
53,32,648
53,33,641
53,34,616
53,35,636
53,36,598
53,37,625
53,38,610
53,39,597
53,40,632
53,41,622
53,42,602
53,43,605
53,44,610
53,45,662
53,46,574
53,47,587
53,48,625
53,49,635
53,50,614
53,51,626
53,52,617
53,53,610
53,54,625
53,55,621
53,56,620
53,57,623
53,58,650
53,59,637
53,60,623
53,61,616
53,62,620
53,63,662
53,64,631
53,65,657
53,66,612
53,67,649
53,68,571
53,69,610
53,70,629
53,71,615
53,72,598
53,73,623
53,74,617
53,75,611
53,76,628
53,77,599
53,78,649
53,79,644
53,80,604
53,81,635
53,82,637
53,83,632
53,84,625
53,85,623
53,86,625
53,87,625
53,88,645
53,89,602
53,90,614
53,91,615
53,92,623
53,93,658
53,94,604
53,95,607
53,96,599
53,97,624
53,98,644
53,99,597
53,100,597
54,1,638
54,2,633
54,3,638
54,4,592
54,5,608
54,6,601
54,7,625
54,8,618
54,9,614
54,10,641
54,11,619
54,12,626
54,13,618
54,14,642
54,15,623
54,16,633
54,17,629
54,18,580
54,19,644
54,20,636
54,21,637
54,22,595
54,23,629
54,24,627
54,25,605
54,26,634
54,27,628
54,28,660
54,29,650
54,30,585
54,31,636
54,32,622
54,33,633
54,34,624
54,35,615
54,36,609
54,37,622
54,38,634
54,39,611
54,40,651
54,41,631
54,42,639
54,43,616
54,44,626
54,45,623
54,46,626
54,47,648
54,48,622
54,49,593
54,50,623
54,51,635
54,52,610
54,53,634
54,54,628
54,55,611
54,56,629
54,57,614
54,58,603
54,59,610
54,60,625
54,61,602
54,62,625
54,63,593
54,64,637
54,65,627
54,66,561
54,67,625
54,68,619
54,69,635
54,70,629
54,71,597
54,72,600
54,73,611
54,74,628
54,75,636
54,76,630
54,77,605
54,78,620
54,79,582
54,80,611
54,81,626
54,82,650
54,83,616
54,84,615
54,85,621
54,86,596
54,87,623
54,88,579
54,89,609
54,90,627
54,91,612
54,92,635
54,93,623
54,94,611
54,95,618
54,96,636
54,97,624
54,98,610
54,99,619
54,100,645
55,1,634
55,2,677
55,3,642
55,4,625
55,5,617
55,6,603
55,7,639
55,8,625
55,9,622
55,10,622
55,11,609
55,12,618
55,13,585
55,14,614
55,15,634
55,16,611
55,17,621
55,18,646
55,19,623
55,20,614
55,21,616
55,22,622
55,23,616
55,24,624
55,25,601
55,26,608
55,27,619
55,28,573
55,29,629
55,30,633
55,31,653
55,32,647
55,33,596
55,34,626
55,35,600
55,36,640
55,37,595
55,38,652
55,39,620
55,40,624
55,41,617
55,42,620
55,43,618
55,44,603
55,45,613
55,46,659
55,47,657
55,48,617
55,49,640
55,50,650
55,51,636
55,52,625
55,53,607
55,54,616
55,55,652
55,56,596
55,57,605
55,58,683
55,59,649
55,60,616
55,61,613
55,62,636
55,63,623
55,64,616
55,65,603
55,66,599
55,67,660
55,68,620
55,69,618
55,70,614
55,71,620
55,72,630
55,73,610
55,74,622
55,75,630
55,76,603
55,77,623
55,78,628
55,79,608
55,80,625
55,81,566
55,82,672
55,83,621
55,84,621
55,85,609
55,86,619
55,87,619
55,88,643
55,89,618
55,90,615
55,91,629
55,92,612
55,93,643
55,94,632
55,95,618
55,96,624
55,97,643
55,98,640
55,99,615
55,100,616
56,1,610
56,2,617
56,3,634
56,4,617
56,5,610
56,6,602
56,7,577
56,8,616
56,9,604
56,10,586
56,11,631
56,12,600
56,13,632
56,14,652
56,15,613
56,16,613
56,17,603
56,18,628
56,19,630
56,20,620
56,21,620
56,22,623
56,23,623
56,24,610
56,25,633
56,26,632
56,27,640
56,28,591
56,29,622
56,30,613
56,31,626
56,32,631
56,33,616
56,34,602
56,35,616
56,36,608
56,37,613
56,38,611
56,39,610
56,40,598
56,41,647
56,42,649
56,43,614
56,44,612
56,45,601
56,46,608
56,47,624
56,48,650
56,49,630
56,50,652
56,51,608
56,52,610
56,53,619
56,54,623
56,55,615
56,56,598
56,57,608
56,58,609
56,59,609
56,60,624
56,61,617
56,62,664
56,63,633
56,64,619
56,65,638
56,66,609
56,67,647
56,68,620
56,69,634
56,70,597
56,71,626
56,72,624
56,73,598
56,74,631
56,75,616
56,76,622
56,77,629
56,78,623
56,79,607
56,80,625
56,81,613
56,82,627
56,83,629
56,84,638
56,85,621
56,86,610
56,87,626
56,88,659
56,89,636
56,90,626
56,91,617
56,92,592
56,93,643
56,94,595
56,95,668
56,96,636
56,97,620
56,98,632
56,99,640
56,100,610
57,1,622
57,2,627
57,3,638
57,4,610
57,5,625
57,6,620
57,7,625
57,8,626
57,9,626
57,10,607
57,11,594
57,12,645
57,13,616
57,14,634
57,15,609
57,16,588
57,17,628
57,18,614
57,19,611
57,20,613
57,21,629
57,22,623
57,23,617
57,24,630
57,25,546
57,26,599
57,27,631
57,28,624
57,29,613
57,30,641
57,31,619
57,32,556
57,33,639
57,34,606
57,35,611
57,36,615
57,37,613
57,38,644
57,39,600
57,40,635
57,41,588
57,42,603
57,43,598
57,44,625
57,45,570
57,46,659
57,47,604
57,48,654
57,49,618
57,50,631
57,51,645
57,52,622
57,53,624
57,54,610
57,55,621
57,56,608
57,57,655
57,58,614
57,59,639
57,60,648
57,61,618
57,62,602
57,63,661
57,64,632
57,65,623
57,66,641
57,67,623
57,68,626
57,69,630
57,70,595
57,71,598
57,72,618
57,73,641
57,74,611
57,75,629
57,76,615
57,77,632
57,78,633
57,79,606
57,80,652
57,81,625
57,82,653
57,83,622
57,84,624
57,85,636
57,86,644
57,87,621
57,88,661
57,89,624
57,90,606
57,91,630
57,92,609
57,93,591
57,94,607
57,95,610
57,96,617
57,97,614
57,98,668
57,99,618
57,100,623
58,1,612
58,2,612
58,3,605
58,4,605
58,5,634
58,6,618
58,7,628
58,8,614
58,9,629
58,10,606
58,11,643
58,12,626
58,13,639
58,14,614
58,15,632
58,16,639
58,17,624
58,18,619
58,19,653
58,20,630
58,21,638
58,22,635
58,23,618
58,24,623
58,25,624
58,26,646
58,27,645
58,28,626
58,29,661
58,30,603
58,31,613
58,32,597
58,33,613
58,34,637
58,35,640
58,36,635
58,37,635
58,38,639
58,39,632
58,40,608
58,41,609
58,42,608
58,43,603
58,44,617
58,45,636
58,46,621
58,47,630
58,48,641
58,49,626
58,50,605
58,51,599
58,52,615
58,53,631
58,54,628
58,55,548
58,56,611
58,57,645
58,58,634
58,59,628
58,60,602
58,61,611
58,62,613
58,63,616
58,64,606
58,65,615
58,66,590
58,67,635
58,68,613
58,69,601
58,70,608
58,71,599
58,72,613
58,73,623
58,74,621
58,75,626
58,76,620
58,77,636
58,78,608
58,79,654
58,80,622
58,81,630
58,82,645
58,83,611
58,84,630
58,85,649
58,86,618
58,87,604
58,88,654
58,89,595
58,90,609
58,91,621
58,92,633
58,93,636
58,94,605
58,95,648
58,96,607
58,97,608
58,98,618
58,99,563
58,100,612
59,1,647
59,2,609
59,3,664
59,4,609
59,5,630
59,6,624
59,7,597
59,8,617
59,9,597
59,10,610
59,11,618
59,12,642
59,13,626
59,14,623
59,15,640
59,16,632
59,17,642
59,18,636
59,19,598
59,20,603
59,21,640
59,22,631
59,23,633
59,24,640
59,25,619
59,26,622
59,27,617
59,28,633
59,29,628
59,30,618
59,31,656
59,32,625
59,33,647
59,34,598
59,35,617
59,36,624
59,37,609
59,38,626
59,39,621
59,40,638
59,41,649
59,42,614
59,43,620
59,44,633
59,45,630
59,46,632
59,47,611
59,48,630
59,49,617
59,50,630
59,51,617
59,52,602
59,53,619
59,54,621
59,55,626
59,56,627
59,57,620
59,58,625
59,59,617
59,60,640
59,61,641
59,62,628
59,63,548
59,64,618
59,65,631
59,66,634
59,67,623
59,68,615
59,69,634
59,70,624
59,71,648
59,72,615
59,73,613
59,74,632
59,75,608
59,76,611
59,77,609
59,78,612
59,79,630
59,80,615
59,81,625
59,82,620
59,83,639
59,84,617
59,85,641
59,86,607
59,87,595
59,88,624
59,89,584
59,90,629
59,91,629
59,92,615
59,93,624
59,94,614
59,95,643
59,96,626
59,97,598
59,98,638
59,99,618
59,100,644
60,1,630
60,2,617
60,3,648
60,4,627
60,5,643
60,6,611
60,7,640
60,8,613
60,9,643
60,10,636
60,11,620
60,12,620
60,13,622
60,14,611
60,15,605
60,16,628
60,17,609
60,18,615
60,19,632
60,20,639
60,21,659
60,22,648
60,23,620
60,24,609
60,25,631
60,26,620
60,27,618
60,28,635
60,29,638
60,30,640
60,31,609
60,32,614
60,33,630
60,34,609
60,35,602
60,36,622
60,37,589
60,38,636
60,39,608
60,40,604
60,41,637
60,42,640
60,43,652
60,44,624
60,45,620
60,46,605
60,47,640
60,48,635
60,49,611
60,50,631
60,51,620
60,52,609
60,53,611
60,54,615
60,55,632
60,56,594
60,57,614
60,58,627
60,59,619
60,60,612
60,61,603
60,62,631
60,63,616
60,64,611
60,65,645
60,66,643
60,67,622
60,68,620
60,69,626
60,70,657
60,71,632
60,72,640
60,73,636
60,74,618
60,75,626
60,76,649
60,77,599
60,78,615
60,79,618
60,80,646
60,81,616
60,82,598
60,83,613
60,84,639
60,85,615
60,86,628
60,87,616
60,88,611
60,89,593
60,90,615
60,91,572
60,92,633
60,93,630
60,94,613
60,95,609
60,96,649
60,97,612
60,98,622
60,99,578
60,100,617
61,1,618
61,2,601
61,3,614
61,4,605
61,5,635
61,6,627
61,7,609
61,8,644
61,9,611
61,10,629
61,11,625
61,12,598
61,13,611
61,14,658
61,15,610
61,16,617
61,17,620
61,18,620
61,19,609
61,20,585
61,21,638
61,22,616
61,23,612
61,24,618
61,25,627
61,26,649
61,27,611
61,28,622
61,29,588
61,30,658
61,31,625
61,32,618
61,33,620
61,34,634
61,35,595
61,36,630
61,37,603
61,38,623
61,39,650
61,40,594
61,41,624
61,42,609
61,43,621
61,44,605
61,45,633
61,46,608
61,47,642
61,48,633
61,49,612
61,50,593
61,51,615
61,52,634
61,53,618
61,54,649
61,55,617
61,56,614
61,57,609
61,58,641
61,59,639
61,60,621
61,61,606
61,62,606
61,63,646
61,64,624
61,65,595
61,66,612
61,67,608
61,68,607
61,69,607
61,70,608
61,71,633
61,72,626
61,73,619
61,74,644
61,75,616
61,76,623
61,77,628
61,78,627
61,79,616
61,80,616
61,81,598
61,82,598
61,83,599
61,84,610
61,85,602
61,86,617
61,87,606
61,88,612
61,89,617
61,90,615
61,91,623
61,92,612
61,93,630
61,94,655
61,95,571
61,96,606
61,97,608
61,98,651
61,99,625
61,100,626
62,1,613
62,2,618
62,3,611
62,4,609
62,5,656
62,6,628
62,7,624
62,8,630
62,9,644
62,10,609
62,11,655
62,12,617
62,13,334
62,14,629
62,15,607
62,16,607
62,17,615
62,18,628
62,19,624
62,20,654
62,21,653
62,22,640
62,23,603
62,24,608
62,25,623
62,26,626
62,27,610
62,28,640
62,29,629
62,30,625
62,31,616
62,32,622
62,33,622
62,34,616
62,35,623
62,36,612
62,37,651
62,38,635
62,39,631
62,40,602
62,41,631
62,42,609
62,43,584
62,44,617
62,45,632
62,46,614
62,47,599
62,48,618
62,49,596
62,50,619
62,51,661
62,52,618
62,53,622
62,54,624
62,55,625
62,56,616
62,57,628
62,58,633
62,59,616
62,60,668
62,61,630
62,62,622
62,63,605
62,64,607
62,65,629
62,66,627
62,67,638
62,68,636
62,69,614
62,70,636
62,71,592
62,72,611
62,73,658
62,74,633
62,75,608
62,76,632
62,77,640
62,78,616
62,79,646
62,80,648
62,81,662
62,82,610
62,83,622
62,84,598
62,85,646
62,86,637
62,87,643
62,88,636
62,89,620
62,90,637
62,91,647
62,92,602
62,93,614
62,94,617
62,95,631
62,96,618
62,97,641
62,98,623
62,99,639
62,100,604
63,1,636
63,2,613
63,3,612
63,4,627
63,5,601
63,6,620
63,7,617
63,8,620
63,9,616
63,10,631
63,11,642
63,12,643
63,13,618
63,14,602
63,15,613
63,16,648
63,17,618
63,18,632
63,19,599
63,20,671
63,21,664
63,22,648
63,23,621
63,24,648
63,25,644
63,26,641
63,27,630
63,28,639
63,29,631
63,30,610
63,31,652
63,32,621
63,33,619
63,34,623
63,35,621
63,36,642
63,37,612
63,38,620
63,39,658
63,40,607
63,41,646
63,42,614
63,43,621
63,44,607
63,45,625
63,46,612
63,47,631
63,48,625
63,49,640
63,50,609
63,51,636
63,52,604
63,53,629
63,54,587
63,55,628
63,56,647
63,57,605
63,58,623
63,59,613
63,60,630
63,61,611
63,62,635
63,63,606
63,64,612
63,65,635
63,66,618
63,67,633
63,68,630
63,69,647
63,70,635
63,71,623
63,72,655
63,73,571
63,74,640
63,75,604
63,76,616
63,77,626
63,78,618
63,79,630
63,80,623
63,81,626
63,82,600
63,83,618
63,84,660
63,85,603
63,86,646
63,87,633
63,88,624
63,89,624
63,90,601
63,91,643
63,92,623
63,93,614
63,94,632
63,95,616
63,96,629
63,97,650
63,98,621
63,99,599
63,100,618
64,1,662
64,2,619
64,3,596
64,4,617
64,5,642
64,6,598
64,7,632
64,8,620
64,9,635
64,10,627
64,11,533
64,12,618
64,13,654
64,14,629
64,15,610
64,16,628
64,17,610
64,18,605
64,19,615
64,20,620
64,21,622
64,22,623
64,23,624
64,24,591
64,25,607
64,26,597
64,27,639
64,28,625
64,29,646
64,30,624
64,31,606
64,32,574
64,33,598
64,34,633
64,35,610
64,36,628
64,37,630
64,38,634
64,39,618
64,40,623
64,41,625
64,42,651
64,43,615
64,44,619
64,45,616
64,46,628
64,47,610
64,48,604
64,49,593
64,50,620
64,51,616
64,52,655
64,53,623
64,54,630
64,55,619
64,56,600
64,57,636
64,58,615
64,59,587
64,60,604
64,61,634
64,62,619
64,63,631
64,64,634
64,65,635
64,66,628
64,67,595
64,68,619
64,69,626
64,70,588
64,71,630
64,72,600
64,73,639
64,74,624
64,75,610
64,76,617
64,77,629
64,78,666
64,79,622
64,80,620
64,81,613
64,82,622
64,83,618
64,84,625
64,85,639
64,86,634
64,87,624
64,88,616
64,89,623
64,90,629
64,91,637
64,92,631
64,93,636
64,94,612
64,95,630
64,96,612
64,97,587
64,98,595
64,99,634
64,100,622
65,1,619
65,2,626
65,3,628
65,4,626
65,5,608
65,6,639
65,7,622
65,8,626
65,9,593
65,10,628
65,11,622
65,12,636
65,13,632
65,14,619
65,15,613
65,16,613
65,17,628
65,18,625
65,19,630
65,20,625
65,21,610
65,22,624
65,23,624
65,24,626
65,25,609
65,26,640
65,27,637
65,28,632
65,29,645
65,30,618
65,31,616
65,32,624
65,33,594
65,34,612
65,35,610
65,36,648
65,37,625
65,38,604
65,39,653
65,40,615
65,41,655
65,42,604
65,43,641
65,44,626
65,45,614
65,46,641
65,47,633
65,48,624
65,49,638
65,50,599
65,51,622
65,52,623
65,53,627
65,54,623
65,55,627
65,56,614
65,57,638
65,58,611
65,59,623
65,60,601
65,61,640
65,62,633
65,63,623
65,64,634
65,65,621
65,66,625
65,67,641
65,68,616
65,69,658
65,70,609
65,71,629
65,72,642
65,73,612
65,74,595
65,75,593
65,76,617
65,77,616
65,78,642
65,79,609
65,80,617
65,81,655
65,82,619
65,83,612
65,84,599
65,85,650
65,86,599
65,87,634
65,88,630
65,89,615
65,90,628
65,91,629
65,92,619
65,93,619
65,94,636
65,95,625
65,96,630
65,97,649
65,98,652
65,99,654
65,100,632
66,1,668
66,2,603
66,3,663
66,4,622
66,5,652
66,6,621
66,7,601
66,8,601
66,9,640
66,10,611
66,11,594
66,12,597
66,13,608
66,14,615
66,15,623
66,16,604
66,17,616
66,18,615
66,19,629
66,20,638
66,21,624
66,22,625
66,23,630
66,24,620
66,25,623
66,26,599
66,27,634
66,28,652
66,29,606
66,30,621
66,31,620
66,32,625
66,33,635
66,34,596
66,35,609
66,36,621
66,37,630
66,38,564
66,39,627
66,40,622
66,41,624
66,42,604
66,43,616
66,44,611
66,45,627
66,46,597
66,47,613
66,48,605
66,49,628
66,50,604
66,51,615
66,52,620
66,53,620
66,54,616
66,55,644
66,56,631
66,57,633
66,58,624
66,59,633
66,60,608
66,61,620
66,62,590
66,63,605
66,64,622
66,65,619
66,66,588
66,67,613
66,68,625
66,69,596
66,70,628
66,71,611
66,72,617
66,73,591
66,74,606
66,75,602
66,76,609
66,77,618
66,78,600
66,79,605
66,80,623
66,81,613
66,82,585
66,83,619
66,84,609
66,85,618
66,86,597
66,87,620
66,88,597
66,89,624
66,90,619
66,91,593
66,92,602
66,93,569
66,94,602
66,95,618
66,96,593
66,97,647
66,98,619
66,99,605
66,100,617
67,1,633
67,2,623
67,3,644
67,4,659
67,5,616
67,6,623
67,7,604
67,8,652
67,9,613
67,10,625
67,11,637
67,12,606
67,13,639
67,14,624
67,15,628
67,16,644
67,17,615
67,18,619
67,19,638
67,20,563
67,21,608
67,22,596
67,23,649
67,24,576
67,25,611
67,26,603
67,27,633
67,28,632
67,29,637
67,30,578
67,31,613
67,32,618
67,33,615
67,34,634
67,35,600
67,36,599
67,37,628
67,38,623
67,39,652
67,40,630
67,41,629
67,42,614
67,43,602
67,44,628
67,45,602
67,46,610
67,47,637
67,48,623
67,49,613
67,50,637
67,51,616
67,52,620
67,53,626
67,54,616
67,55,623
67,56,627
67,57,621
67,58,622
67,59,623
67,60,626
67,61,631
67,62,615
67,63,636
67,64,642
67,65,626
67,66,617
67,67,627
67,68,614
67,69,622
67,70,654
67,71,655
67,72,610
67,73,616
67,74,654
67,75,623
67,76,620
67,77,607
67,78,613
67,79,607
67,80,635
67,81,631
67,82,599
67,83,632
67,84,617
67,85,612
67,86,609
67,87,622
67,88,603
67,89,617
67,90,623
67,91,633
67,92,639
67,93,642
67,94,625
67,95,658
67,96,625
67,97,596
67,98,636
67,99,625
67,100,627
68,1,633
68,2,620
68,3,635
68,4,612
68,5,652
68,6,605
68,7,628
68,8,627
68,9,636
68,10,653
68,11,609
68,12,637
68,13,614
68,14,627
68,15,621
68,16,594
68,17,645
68,18,544
68,19,650
68,20,605
68,21,646
68,22,602
68,23,613
68,24,630
68,25,602
68,26,624
68,27,599
68,28,633
68,29,622
68,30,604
68,31,634
68,32,606
68,33,612
68,34,623
68,35,624
68,36,596
68,37,627
68,38,624
68,39,632
68,40,612
68,41,619
68,42,619
68,43,631
68,44,622
68,45,619
68,46,593
68,47,635
68,48,628
68,49,611
68,50,645
68,51,617
68,52,627
68,53,615
68,54,594
68,55,617
68,56,593
68,57,589
68,58,652
68,59,635
68,60,612
68,61,616
68,62,602
68,63,622
68,64,597
68,65,615
68,66,645
68,67,626
68,68,618
68,69,632
68,70,608
68,71,616
68,72,628
68,73,630
68,74,626
68,75,630
68,76,593
68,77,625
68,78,626
68,79,650
68,80,634
68,81,625
68,82,628
68,83,606
68,84,628
68,85,669
68,86,622
68,87,633
68,88,643
68,89,609
68,90,628
68,91,651
68,92,633
68,93,636
68,94,620
68,95,626
68,96,589
68,97,620
68,98,649
68,99,650
68,100,615
69,1,637
69,2,600
69,3,641
69,4,624
69,5,625
69,6,610
69,7,646
69,8,621
69,9,612
69,10,598
69,11,642
69,12,630
69,13,635
69,14,624
69,15,605
69,16,616
69,17,643
69,18,633
69,19,616
69,20,621
69,21,620
69,22,636
69,23,589
69,24,636
69,25,620
69,26,620
69,27,627
69,28,609
69,29,615
69,30,632
69,31,636
69,32,653
69,33,653
69,34,614
69,35,631
69,36,636
69,37,620
69,38,608
69,39,608
69,40,618
69,41,639
69,42,641
69,43,630
69,44,626
69,45,620
69,46,617
69,47,628
69,48,620
69,49,634
69,50,614
69,51,630
69,52,634
69,53,633
69,54,627
69,55,608
69,56,627
69,57,611
69,58,630
69,59,623
69,60,658
69,61,614
69,62,635
69,63,633
69,64,620
69,65,630
69,66,613
69,67,613
69,68,612
69,69,630
69,70,627
69,71,606
69,72,632
69,73,636
69,74,626
69,75,610
69,76,599
69,77,623
69,78,628
69,79,643
69,80,613
69,81,620
69,82,644
69,83,595
69,84,574
69,85,640
69,86,641
69,87,615
69,88,598
69,89,618
69,90,615
69,91,610
69,92,617
69,93,635
69,94,627
69,95,584
69,96,618
69,97,639
69,98,621
69,99,616
69,100,619
70,1,615
70,2,613
70,3,610
70,4,626
70,5,634
70,6,609
70,7,629
70,8,607
70,9,614
70,10,641
70,11,640
70,12,607
70,13,622
70,14,625
70,15,626
70,16,598
70,17,615
70,18,637
70,19,642
70,20,617
70,21,606
70,22,624
70,23,619
70,24,605
70,25,652
70,26,623
70,27,658
70,28,627
70,29,632
70,30,606
70,31,636
70,32,623
70,33,617
70,34,603
70,35,638
70,36,625
70,37,596
70,38,627
70,39,607
70,40,632
70,41,646
70,42,617
70,43,642
70,44,615
70,45,612
70,46,627
70,47,626
70,48,628
70,49,615
70,50,625
70,51,616
70,52,606
70,53,645
70,54,616
70,55,619
70,56,625
70,57,643
70,58,590
70,59,619
70,60,625
70,61,601
70,62,621
70,63,634
70,64,613
70,65,625
70,66,608
70,67,617
70,68,642
70,69,632
70,70,615
70,71,620
70,72,603
70,73,638
70,74,634
70,75,632
70,76,616
70,77,599
70,78,603
70,79,624
70,80,618
70,81,622
70,82,631
70,83,606
70,84,627
70,85,627
70,86,615
70,87,616
70,88,596
70,89,605
70,90,608
70,91,635
70,92,650
70,93,618
70,94,658
70,95,653
70,96,615
70,97,660
70,98,623
70,99,629
70,100,637
71,1,620
71,2,611
71,3,631
71,4,624
71,5,635
71,6,628
71,7,624
71,8,634
71,9,626
71,10,603
71,11,635
71,12,638
71,13,627
71,14,597
71,15,633
71,16,638
71,17,626
71,18,620
71,19,650
71,20,637
71,21,635
71,22,618
71,23,629
71,24,618
71,25,616
71,26,645
71,27,611
71,28,623
71,29,625
71,30,637
71,31,544
71,32,621
71,33,614
71,34,633
71,35,617
71,36,653
71,37,617
71,38,610
71,39,600
71,40,641
71,41,649
71,42,626
71,43,624
71,44,568
71,45,606
71,46,614
71,47,625
71,48,618
71,49,632
71,50,625
71,51,616
71,52,640
71,53,628
71,54,629
71,55,671
71,56,618
71,57,590
71,58,650
71,59,619
71,60,639
71,61,631
71,62,631
71,63,633
71,64,609
71,65,625
71,66,552
71,67,654
71,68,618
71,69,599
71,70,635
71,71,605
71,72,613
71,73,652
71,74,623
71,75,631
71,76,633
71,77,631
71,78,612
71,79,631
71,80,605
71,81,642
71,82,607
71,83,610
71,84,619
71,85,617
71,86,614
71,87,584
71,88,639
71,89,638
71,90,625
71,91,609
71,92,596
71,93,619
71,94,617
71,95,566
71,96,639
71,97,620
71,98,613
71,99,627
71,100,604
72,1,605
72,2,624
72,3,624
72,4,598
72,5,620
72,6,638
72,7,669
72,8,628
72,9,627
72,10,595
72,11,638
72,12,627
72,13,607
72,14,626
72,15,663
72,16,623
72,17,613
72,18,640
72,19,610
72,20,608
72,21,611
72,22,623
72,23,650
72,24,631
72,25,615
72,26,645
72,27,626
72,28,605
72,29,635
72,30,626
72,31,659
72,32,619
72,33,609
72,34,626
72,35,643
72,36,611
72,37,626
72,38,662
72,39,607
72,40,606
72,41,639
72,42,599
72,43,614
72,44,621
72,45,621
72,46,628
72,47,604
72,48,639
72,49,637
72,50,618
72,51,620
72,52,637
72,53,610
72,54,627
72,55,613
72,56,634
72,57,663
72,58,646
72,59,660
72,60,643
72,61,652
72,62,627
72,63,598
72,64,626
72,65,628
72,66,590
72,67,615
72,68,622
72,69,607
72,70,615
72,71,621
72,72,637
72,73,631
72,74,637
72,75,641
72,76,609
72,77,630
72,78,617
72,79,608
72,80,627
72,81,621
72,82,632
72,83,620
72,84,631
72,85,596
72,86,633
72,87,611
72,88,576
72,89,614
72,90,642
72,91,636
72,92,608
72,93,590
72,94,646
72,95,611
72,96,608
72,97,603
72,98,607
72,99,635
72,100,669
73,1,634
73,2,625
73,3,581
73,4,622
73,5,620
73,6,578
73,7,607
73,8,636
73,9,606
73,10,612
73,11,636
73,12,652
73,13,627
73,14,661
73,15,617
73,16,623
73,17,609
73,18,609
73,19,608
73,20,621
73,21,616
73,22,659
73,23,613
73,24,617
73,25,620
73,26,614
73,27,636
73,28,628
73,29,638
73,30,629
73,31,621
73,32,630
73,33,602
73,34,637
73,35,619
73,36,631
73,37,626
73,38,614
73,39,593
73,40,618
73,41,605
73,42,633
73,43,616
73,44,638
73,45,627
73,46,616
73,47,608
73,48,621
73,49,636
73,50,616
73,51,609
73,52,630
73,53,624
73,54,619
73,55,635
73,56,599
73,57,621
73,58,626
73,59,630
73,60,647
73,61,618
73,62,610
73,63,626
73,64,638
73,65,618
73,66,626
73,67,618
73,68,621
73,69,655
73,70,624
73,71,607
73,72,627
73,73,607
73,74,607
73,75,634
73,76,625
73,77,623
73,78,635
73,79,608
73,80,610
73,81,621
73,82,603
73,83,622
73,84,630
73,85,669
73,86,612
73,87,625
73,88,623
73,89,613
73,90,605
73,91,629
73,92,630
73,93,673
73,94,631
73,95,629
73,96,567
73,97,618
73,98,596
73,99,612
73,100,602
74,1,636
74,2,638
74,3,644
74,4,608
74,5,582
74,6,614
74,7,634
74,8,668
74,9,596
74,10,588
74,11,625
74,12,616
74,13,639
74,14,624
74,15,642
74,16,625
74,17,599
74,18,624
74,19,599
74,20,620
74,21,611
74,22,629
74,23,632
74,24,640
74,25,607
74,26,619
74,27,608
74,28,662
74,29,631
74,30,625
74,31,608
74,32,635
74,33,622
74,34,615
74,35,623
74,36,590
74,37,614
74,38,599
74,39,619
74,40,626
74,41,631
74,42,611
74,43,613
74,44,642
74,45,605
74,46,625
74,47,591
74,48,630
74,49,650
74,50,629
74,51,615
74,52,638
74,53,636
74,54,608
74,55,601
74,56,605
74,57,616
74,58,622
74,59,627
74,60,597
74,61,623
74,62,626
74,63,642
74,64,601
74,65,611
74,66,627
74,67,631
74,68,606
74,69,656
74,70,632
74,71,632
74,72,611
74,73,628
74,74,555
74,75,611
74,76,632
74,77,626
74,78,628
74,79,646
74,80,593
74,81,624
74,82,616
74,83,613
74,84,615
74,85,639
74,86,617
74,87,627
74,88,634
74,89,625
74,90,645
74,91,629
74,92,642
74,93,594
74,94,636
74,95,656
74,96,601
74,97,603
74,98,632
74,99,638
74,100,614
75,1,600
75,2,625
75,3,635
75,4,612
75,5,619
75,6,643
75,7,666
75,8,609
75,9,624
75,10,614
75,11,611
75,12,641
75,13,610
75,14,606
75,15,637
75,16,618
75,17,624
75,18,648
75,19,607
75,20,655
75,21,616
75,22,626
75,23,610
75,24,644
75,25,591
75,26,660
75,27,625
75,28,616
75,29,596
75,30,597
75,31,657
75,32,624
75,33,614
75,34,644
75,35,616
75,36,603
75,37,636
75,38,571
75,39,563
75,40,615
75,41,601
75,42,600
75,43,631
75,44,625
75,45,617
75,46,604
75,47,624
75,48,623
75,49,591
75,50,603
75,51,609
75,52,638
75,53,639
75,54,639
75,55,614
75,56,602
75,57,626
75,58,601
75,59,628
75,60,614
75,61,636
75,62,627
75,63,619
75,64,625
75,65,621
75,66,641
75,67,605
75,68,567
75,69,621
75,70,606
75,71,635
75,72,615
75,73,623
75,74,616
75,75,576
75,76,628
75,77,619
75,78,626
75,79,630
75,80,561
75,81,619
75,82,618
75,83,613
75,84,620
75,85,611
75,86,614
75,87,646
75,88,622
75,89,642
75,90,608
75,91,630
75,92,612
75,93,612
75,94,621
75,95,609
75,96,599
75,97,633
75,98,627
75,99,582
75,100,604
76,1,636
76,2,586
76,3,648
76,4,630
76,5,612
76,6,636
76,7,610
76,8,646
76,9,600
76,10,633
76,11,611
76,12,635
76,13,654
76,14,630
76,15,632
76,16,647
76,17,650
76,18,610
76,19,626
76,20,633
76,21,591
76,22,606
76,23,611
76,24,636
76,25,616
76,26,615
76,27,646
76,28,599
76,29,652
76,30,626
76,31,615
76,32,599
76,33,638
76,34,634
76,35,599
76,36,577
76,37,605
76,38,623
76,39,611
76,40,613
76,41,607
76,42,615
76,43,599
76,44,594
76,45,618
76,46,623
76,47,623
76,48,631
76,49,618
76,50,608
76,51,673
76,52,601
76,53,625
76,54,629
76,55,628
76,56,635
76,57,611
76,58,626
76,59,624
76,60,634
76,61,627
76,62,630
76,63,628
76,64,604
76,65,631
76,66,630
76,67,612
76,68,607
76,69,645
76,70,603
76,71,634
76,72,658
76,73,610
76,74,601
76,75,648
76,76,632
76,77,632
76,78,628
76,79,595
76,80,629
76,81,633
76,82,641
76,83,642
76,84,620
76,85,639
76,86,611
76,87,648
76,88,599
76,89,611
76,90,640
76,91,622
76,92,644
76,93,606
76,94,620
76,95,629
76,96,617
76,97,646
76,98,620
76,99,662
76,100,546
77,1,627
77,2,621
77,3,622
77,4,605
77,5,618
77,6,599
77,7,636
77,8,615
77,9,622
77,10,593
77,11,640
77,12,633
77,13,629
77,14,622
77,15,623
77,16,618
77,17,632
77,18,616
77,19,634
77,20,612
77,21,625
77,22,607
77,23,615
77,24,603
77,25,642
77,26,626
77,27,624
77,28,621
77,29,613
77,30,614
77,31,622
77,32,606
77,33,663
77,34,638
77,35,592
77,36,623
77,37,617
77,38,655
77,39,647
77,40,622
77,41,621
77,42,645
77,43,621
77,44,613
77,45,619
77,46,607
77,47,620
77,48,616
77,49,635
77,50,628
77,51,617
77,52,629
77,53,611
77,54,612
77,55,619
77,56,618
77,57,647
77,58,632
77,59,644
77,60,643
77,61,655
77,62,610
77,63,646
77,64,621
77,65,620
77,66,614
77,67,614
77,68,612
77,69,609
77,70,622
77,71,565
77,72,645
77,73,617
77,74,675
77,75,647
77,76,617
77,77,586
77,78,613
77,79,635
77,80,636
77,81,654
77,82,605
77,83,615
77,84,619
77,85,617
77,86,601
77,87,662
77,88,592
77,89,637
77,90,607
77,91,604
77,92,624
77,93,612
77,94,620
77,95,639
77,96,627
77,97,640
77,98,623
77,99,605
77,100,617
78,1,636
78,2,629
78,3,608
78,4,627
78,5,608
78,6,605
78,7,613
78,8,606
78,9,624
78,10,639
78,11,622
78,12,618
78,13,585
78,14,623
78,15,629
78,16,618
78,17,587
78,18,621
78,19,614
78,20,615
78,21,570
78,22,614
78,23,649
78,24,604
78,25,601
78,26,610
78,27,624
78,28,633
78,29,637
78,30,623
78,31,605
78,32,604
78,33,614
78,34,594
78,35,631
78,36,617
78,37,647
78,38,605
78,39,622
78,40,650
78,41,609
78,42,637
78,43,605
78,44,638
78,45,639
78,46,607
78,47,603
78,48,619
78,49,617
78,50,620
78,51,605
78,52,605
78,53,650
78,54,615
78,55,617
78,56,655
78,57,610
78,58,619
78,59,631
78,60,602
78,61,644
78,62,650
78,63,596
78,64,640
78,65,607
78,66,625
78,67,586
78,68,569
78,69,629
78,70,593
78,71,563
78,72,608
78,73,655
78,74,607
78,75,621
78,76,643
78,77,632
78,78,647
78,79,606
78,80,636
78,81,577
78,82,614
78,83,614
78,84,628
78,85,590
78,86,635
78,87,615
78,88,613
78,89,631
78,90,653
78,91,631
78,92,631
78,93,613
78,94,618
78,95,619
78,96,615
78,97,630
78,98,650
78,99,606
78,100,605
79,1,624
79,2,610
79,3,615
79,4,638
79,5,623
79,6,641
79,7,613
79,8,648
79,9,651
79,10,595
79,11,629
79,12,636
79,13,605
79,14,640
79,15,632
79,16,628
79,17,619
79,18,625
79,19,610
79,20,587
79,21,604
79,22,634
79,23,598
79,24,641
79,25,643
79,26,639
79,27,641
79,28,623
79,29,664
79,30,609
79,31,626
79,32,604
79,33,622
79,34,626
79,35,645
79,36,615
79,37,614
79,38,635
79,39,641
79,40,631
79,41,613
79,42,638
79,43,605
79,44,609
79,45,625
79,46,621
79,47,638
79,48,595
79,49,618
79,50,623
79,51,612
79,52,605
79,53,639
79,54,620
79,55,599
79,56,626
79,57,612
79,58,638
79,59,654
79,60,625
79,61,615
79,62,633
79,63,641
79,64,614
79,65,627
79,66,620
79,67,645
79,68,612
79,69,581
79,70,629
79,71,635
79,72,616
79,73,613
79,74,644
79,75,616
79,76,626
79,77,619
79,78,627
79,79,600
79,80,636
79,81,587
79,82,616
79,83,637
79,84,613
79,85,633
79,86,609
79,87,642
79,88,601
79,89,621
79,90,639
79,91,633
79,92,618
79,93,624
79,94,636
79,95,623
79,96,623
79,97,618
79,98,638
79,99,612
79,100,632
80,1,610
80,2,611
80,3,660
80,4,631
80,5,637
80,6,614
80,7,632
80,8,591
80,9,634
80,10,633
80,11,652
80,12,633
80,13,631
80,14,621
80,15,643
80,16,615
80,17,619
80,18,629
80,19,646
80,20,617
80,21,644
80,22,624
80,23,622
80,24,603
80,25,626
80,26,639
80,27,603
80,28,622
80,29,602
80,30,596
80,31,613
80,32,627
80,33,602
80,34,648
80,35,622
80,36,617
80,37,623
80,38,603
80,39,611
80,40,615
80,41,621
80,42,615
80,43,610
80,44,625
80,45,635
80,46,639
80,47,631
80,48,619
80,49,611
80,50,620
80,51,609
80,52,616
80,53,620
80,54,604
80,55,622
80,56,601
80,57,618
80,58,601
80,59,601
80,60,624
80,61,630
80,62,659
80,63,627
80,64,623
80,65,617
80,66,606
80,67,608
80,68,608
80,69,645
80,70,597
80,71,620
80,72,639
80,73,632
80,74,631
80,75,654
80,76,623
80,77,615
80,78,640
80,79,637
80,80,608
80,81,644
80,82,630
80,83,565
80,84,625
80,85,654
80,86,637
80,87,628
80,88,633
80,89,621
80,90,640
80,91,641
80,92,604
80,93,635
80,94,635
80,95,635
80,96,630
80,97,600
80,98,622
80,99,642
80,100,618
81,1,619
81,2,621
81,3,624
81,4,608
81,5,627
81,6,585
81,7,628
81,8,624
81,9,634
81,10,621
81,11,617
81,12,610
81,13,592
81,14,623
81,15,592
81,16,619
81,17,618
81,18,616
81,19,649
81,20,581
81,21,630
81,22,643
81,23,603
81,24,607
81,25,612
81,26,609
81,27,604
81,28,635
81,29,652
81,30,635
81,31,618
81,32,638
81,33,615
81,34,635
81,35,636
81,36,600
81,37,596
81,38,616
81,39,639
81,40,620
81,41,644
81,42,624
81,43,623
81,44,616
81,45,609
81,46,610
81,47,599
81,48,616
81,49,614
81,50,619
81,51,655
81,52,645
81,53,657
81,54,596
81,55,614
81,56,607
81,57,661
81,58,607
81,59,645
81,60,629
81,61,610
81,62,619
81,63,617
81,64,626
81,65,622
81,66,625
81,67,614
81,68,637
81,69,612
81,70,618
81,71,607
81,72,645
81,73,647
81,74,619
81,75,613
81,76,619
81,77,632
81,78,613
81,79,631
81,80,595
81,81,634
81,82,603
81,83,643
81,84,622
81,85,618
81,86,605
81,87,613
81,88,610
81,89,609
81,90,641
81,91,575
81,92,635
81,93,617
81,94,615
81,95,624
81,96,619
81,97,616
81,98,619
81,99,651
81,100,651
82,1,623
82,2,634
82,3,618
82,4,593
82,5,636
82,6,614
82,7,604
82,8,614
82,9,604
82,10,615
82,11,607
82,12,632
82,13,598
82,14,617
82,15,613
82,16,638
82,17,635
82,18,593
82,19,634
82,20,625
82,21,594
82,22,637
82,23,615
82,24,618
82,25,652
82,26,620
82,27,614
82,28,622
82,29,602
82,30,617
82,31,620
82,32,606
82,33,630
82,34,627
82,35,633
82,36,643
82,37,595
82,38,652
82,39,604
82,40,615
82,41,629
82,42,638
82,43,626
82,44,600
82,45,607
82,46,610
82,47,636
82,48,626
82,49,660
82,50,632
82,51,591
82,52,609
82,53,607
82,54,629
82,55,619
82,56,613
82,57,607
82,58,628
82,59,630
82,60,620
82,61,662
82,62,626
82,63,629
82,64,603
82,65,614
82,66,657
82,67,627
82,68,610
82,69,619
82,70,629
82,71,614
82,72,607
82,73,631
82,74,659
82,75,637
82,76,648
82,77,610
82,78,630
82,79,623
82,80,620
82,81,671
82,82,615
82,83,633
82,84,632
82,85,615
82,86,635
82,87,619
82,88,615
82,89,618
82,90,603
82,91,625
82,92,606
82,93,632
82,94,630
82,95,618
82,96,640
82,97,606
82,98,626
82,99,604
82,100,636
83,1,675
83,2,620
83,3,624
83,4,615
83,5,608
83,6,631
83,7,620
83,8,619
83,9,649
83,10,622
83,11,614
83,12,658
83,13,607
83,14,614
83,15,603
83,16,624
83,17,618
83,18,630
83,19,611
83,20,642
83,21,634
83,22,621
83,23,587
83,24,609
83,25,636
83,26,607
83,27,619
83,28,620
83,29,628
83,30,623
83,31,607
83,32,616
83,33,625
83,34,600
83,35,609
83,36,635
83,37,628
83,38,626
83,39,643
83,40,607
83,41,602
83,42,613
83,43,654
83,44,622
83,45,637
83,46,606
83,47,614
83,48,614
83,49,623
83,50,591
83,51,635
83,52,623
83,53,567
83,54,618
83,55,607
83,56,631
83,57,631
83,58,611
83,59,655
83,60,620
83,61,606
83,62,623
83,63,620
83,64,613
83,65,638
83,66,647
83,67,615
83,68,647
83,69,656
83,70,627
83,71,624
83,72,641
83,73,622
83,74,610
83,75,633
83,76,619
83,77,631
83,78,616
83,79,597
83,80,613
83,81,612
83,82,647
83,83,656
83,84,644
83,85,634
83,86,614
83,87,570
83,88,619
83,89,629
83,90,632
83,91,575
83,92,591
83,93,625
83,94,643
83,95,622
83,96,577
83,97,596
83,98,612
83,99,612
83,100,620
84,1,598
84,2,631
84,3,632
84,4,631
84,5,622
84,6,603
84,7,625
84,8,618
84,9,628
84,10,619
84,11,598
84,12,646
84,13,616
84,14,624
84,15,622
84,16,643
84,17,651
84,18,573
84,19,626
84,20,599
84,21,609
84,22,604
84,23,636
84,24,598
84,25,618
84,26,545
84,27,630
84,28,626
84,29,633
84,30,614
84,31,627
84,32,606
84,33,619
84,34,633
84,35,636
84,36,608
84,37,611
84,38,626
84,39,598
84,40,633
84,41,621
84,42,600
84,43,642
84,44,614
84,45,611
84,46,605
84,47,619
84,48,588
84,49,627
84,50,610
84,51,634
84,52,623
84,53,608
84,54,617
84,55,634
84,56,618
84,57,589
84,58,611
84,59,607
84,60,612
84,61,631
84,62,627
84,63,603
84,64,619
84,65,608
84,66,619
84,67,599
84,68,646
84,69,616
84,70,603
84,71,565
84,72,623
84,73,621
84,74,601
84,75,629
84,76,603
84,77,636
84,78,636
84,79,625
84,80,639
84,81,614
84,82,609
84,83,613
84,84,599
84,85,621
84,86,608
84,87,635
84,88,631
84,89,622
84,90,615
84,91,644
84,92,605
84,93,636
84,94,610
84,95,622
84,96,612
84,97,603
84,98,628
84,99,570
84,100,619
85,1,658
85,2,589
85,3,605
85,4,608
85,5,649
85,6,633
85,7,632
85,8,616
85,9,618
85,10,647
85,11,609
85,12,620
85,13,623
85,14,625
85,15,639
85,16,617
85,17,629
85,18,619
85,19,635
85,20,613
85,21,607
85,22,600
85,23,604
85,24,557
85,25,630
85,26,606
85,27,587
85,28,626
85,29,621
85,30,619
85,31,587
85,32,618
85,33,630
85,34,624
85,35,615
85,36,599
85,37,606
85,38,626
85,39,635
85,40,628
85,41,627
85,42,615
85,43,614
85,44,617
85,45,619
85,46,614
85,47,629
85,48,635
85,49,634
85,50,628
85,51,619
85,52,616
85,53,609
85,54,616
85,55,630
85,56,597
85,57,609
85,58,629
85,59,623
85,60,630
85,61,610
85,62,619
85,63,624
85,64,604
85,65,610
85,66,615
85,67,638
85,68,623
85,69,612
85,70,644
85,71,628
85,72,615
85,73,620
85,74,618
85,75,611
85,76,624
85,77,624
85,78,621
85,79,615
85,80,624
85,81,648
85,82,622
85,83,610
85,84,607
85,85,616
85,86,605
85,87,637
85,88,614
85,89,611
85,90,628
85,91,636
85,92,593
85,93,620
85,94,609
85,95,616
85,96,602
85,97,630
85,98,605
85,99,615
85,100,616
86,1,617
86,2,630
86,3,633
86,4,654
86,5,608
86,6,621
86,7,636
86,8,623
86,9,626
86,10,602
86,11,617
86,12,656
86,13,645
86,14,613
86,15,611
86,16,603
86,17,608
86,18,604
86,19,622
86,20,628
86,21,617
86,22,615
86,23,626
86,24,637
86,25,642
86,26,590
86,27,623
86,28,646
86,29,648
86,30,610
86,31,616
86,32,631
86,33,613
86,34,607
86,35,622
86,36,607
86,37,635
86,38,607
86,39,628
86,40,625
86,41,629
86,42,625
86,43,608
86,44,600
86,45,631
86,46,637
86,47,621
86,48,623
86,49,614
86,50,654
86,51,612
86,52,616
86,53,631
86,54,599
86,55,609
86,56,625
86,57,632
86,58,637
86,59,607
86,60,636
86,61,641
86,62,608
86,63,652
86,64,629
86,65,643
86,66,624
86,67,605
86,68,608
86,69,609
86,70,609
86,71,607
86,72,634
86,73,626
86,74,596
86,75,637
86,76,627
86,77,625
86,78,626
86,79,625
86,80,610
86,81,624
86,82,601
86,83,598
86,84,599
86,85,604
86,86,626
86,87,611
86,88,623
86,89,616
86,90,610
86,91,610
86,92,623
86,93,620
86,94,592
86,95,611
86,96,605
86,97,625
86,98,636
86,99,612
86,100,587
87,1,639
87,2,647
87,3,607
87,4,567
87,5,593
87,6,612
87,7,640
87,8,614
87,9,652
87,10,603
87,11,596
87,12,625
87,13,624
87,14,610
87,15,652
87,16,609
87,17,613
87,18,594
87,19,623
87,20,611
87,21,641
87,22,632
87,23,607
87,24,667
87,25,646
87,26,613
87,27,619
87,28,562
87,29,603
87,30,585
87,31,639
87,32,626
87,33,629
87,34,594
87,35,629
87,36,640
87,37,642
87,38,617
87,39,619
87,40,637
87,41,604
87,42,608
87,43,597
87,44,604
87,45,613
87,46,599
87,47,607
87,48,603
87,49,616
87,50,613
87,51,634
87,52,630
87,53,615
87,54,626
87,55,616
87,56,625
87,57,618
87,58,621
87,59,614
87,60,614
87,61,646
87,62,610
87,63,661
87,64,624
87,65,600
87,66,623
87,67,636
87,68,625
87,69,627
87,70,629
87,71,609
87,72,630
87,73,628
87,74,617
87,75,573
87,76,627
87,77,615
87,78,628
87,79,570
87,80,623
87,81,603
87,82,605
87,83,612
87,84,619
87,85,610
87,86,615
87,87,617
87,88,623
87,89,621
87,90,608
87,91,629
87,92,635
87,93,635
87,94,619
87,95,622
87,96,628
87,97,644
87,98,610
87,99,601
87,100,633
88,1,620
88,2,616
88,3,646
88,4,641
88,5,641
88,6,644
88,7,631
88,8,639
88,9,613
88,10,628
88,11,606
88,12,645
88,13,576
88,14,638
88,15,621
88,16,594
88,17,594
88,18,642
88,19,613
88,20,613
88,21,615
88,22,627
88,23,619
88,24,625
88,25,607
88,26,622
88,27,590
88,28,619
88,29,604
88,30,624
88,31,643
88,32,617
88,33,636
88,34,615
88,35,616
88,36,640
88,37,619
88,38,615
88,39,639
88,40,621
88,41,618
88,42,594
88,43,613
88,44,587
88,45,620
88,46,602
88,47,604
88,48,637
88,49,611
88,50,631
88,51,630
88,52,614
88,53,615
88,54,589
88,55,606
88,56,615
88,57,620
88,58,626
88,59,649
88,60,634
88,61,639
88,62,616
88,63,649
88,64,632
88,65,604
88,66,673
88,67,633
88,68,624
88,69,628
88,70,614
88,71,617
88,72,654
88,73,623
88,74,619
88,75,637
88,76,650
88,77,630
88,78,619
88,79,618
88,80,607
88,81,632
88,82,602
88,83,655
88,84,630
88,85,625
88,86,600
88,87,609
88,88,611
88,89,644
88,90,630
88,91,623
88,92,615
88,93,619
88,94,621
88,95,617
88,96,665
88,97,631
88,98,626
88,99,620
88,100,612
89,1,616
89,2,611
89,3,623
89,4,604
89,5,631
89,6,629
89,7,647
89,8,610
89,9,605
89,10,624
89,11,656
89,12,646
89,13,608
89,14,615
89,15,610
89,16,627
89,17,635
89,18,629
89,19,636
89,20,647
89,21,608
89,22,603
89,23,597
89,24,634
89,25,617
89,26,627
89,27,646
89,28,598
89,29,600
89,30,610
89,31,604
89,32,633
89,33,616
89,34,621
89,35,619
89,36,626
89,37,605
89,38,621
89,39,617
89,40,627
89,41,630
89,42,624
89,43,601
89,44,626
89,45,637
89,46,614
89,47,627
89,48,641
89,49,596
89,50,635
89,51,605
89,52,611
89,53,605
89,54,635
89,55,643
89,56,616
89,57,625
89,58,638
89,59,618
89,60,616
89,61,604
89,62,614
89,63,619
89,64,619
89,65,621
89,66,615
89,67,609
89,68,617
89,69,634
89,70,605
89,71,628
89,72,609
89,73,609
89,74,627
89,75,613
89,76,604
89,77,611
89,78,612
89,79,626
89,80,621
89,81,611
89,82,612
89,83,623
89,84,624
89,85,619
89,86,606
89,87,601
89,88,647
89,89,620
89,90,634
89,91,636
89,92,628
89,93,625
89,94,636
89,95,664
89,96,619
89,97,624
89,98,659
89,99,625
89,100,641
90,1,606
90,2,624
90,3,623
90,4,621
90,5,611
90,6,622
90,7,636
90,8,576
90,9,628
90,10,638
90,11,620
90,12,612
90,13,612
90,14,622
90,15,623
90,16,649
90,17,621
90,18,630
90,19,611
90,20,621
90,21,654
90,22,619
90,23,606
90,24,638
90,25,603
90,26,623
90,27,618
90,28,606
90,29,622
90,30,606
90,31,639
90,32,641
90,33,649
90,34,628
90,35,630
90,36,610
90,37,627
90,38,602
90,39,632
90,40,625
90,41,610
90,42,639
90,43,636
90,44,601
90,45,627
90,46,635
90,47,629
90,48,617
90,49,608
90,50,634
90,51,596
90,52,613
90,53,607
90,54,622
90,55,658
90,56,585
90,57,609
90,58,611
90,59,613
90,60,621
90,61,620
90,62,628
90,63,618
90,64,633
90,65,615
90,66,628
90,67,598
90,68,634
90,69,610
90,70,603
90,71,626
90,72,615
90,73,614
90,74,618
90,75,632
90,76,622
90,77,632
90,78,610
90,79,611
90,80,636
90,81,598
90,82,633
90,83,603
90,84,628
90,85,611
90,86,606
90,87,633
90,88,616
90,89,623
90,90,620
90,91,642
90,92,629
90,93,615
90,94,632
90,95,619
90,96,595
90,97,610
90,98,619
90,99,611
90,100,610
91,1,633
91,2,641
91,3,639
91,4,618
91,5,621
91,6,608
91,7,625
91,8,642
91,9,624
91,10,610
91,11,600
91,12,595
91,13,640
91,14,614
91,15,599
91,16,626
91,17,615
91,18,630
91,19,616
91,20,604
91,21,638
91,22,636
91,23,611
91,24,628
91,25,596
91,26,629
91,27,626
91,28,658
91,29,619
91,30,615
91,31,609
91,32,596
91,33,650
91,34,636
91,35,647
91,36,640
91,37,622
91,38,624
91,39,608
91,40,644
91,41,631
91,42,618
91,43,604
91,44,590
91,45,615
91,46,621
91,47,619
91,48,607
91,49,604
91,50,654
91,51,620
91,52,558
91,53,630
91,54,629
91,55,650
91,56,618
91,57,648
91,58,644
91,59,618
91,60,610
91,61,594
91,62,629
91,63,619
91,64,656
91,65,615
91,66,618
91,67,599
91,68,638
91,69,612
91,70,647
91,71,629
91,72,615
91,73,620
91,74,598
91,75,641
91,76,644
91,77,629
91,78,612
91,79,640
91,80,601
91,81,612
91,82,641
91,83,629
91,84,583
91,85,642
91,86,611
91,87,630
91,88,575
91,89,619
91,90,621
91,91,582
91,92,640
91,93,593
91,94,617
91,95,635
91,96,655
91,97,610
91,98,635
91,99,635
91,100,606
92,1,634
92,2,604
92,3,611
92,4,602
92,5,607
92,6,625
92,7,630
92,8,630
92,9,614
92,10,621
92,11,622
92,12,622
92,13,627
92,14,612
92,15,603
92,16,601
92,17,620
92,18,644
92,19,635
92,20,599
92,21,631
92,22,620
92,23,627
92,24,616
92,25,637
92,26,616
92,27,603
92,28,610
92,29,619
92,30,624
92,31,645
92,32,657
92,33,604
92,34,649
92,35,627
92,36,620
92,37,609
92,38,629
92,39,611
92,40,636
92,41,616
92,42,570
92,43,628
92,44,618
92,45,619
92,46,597
92,47,621
92,48,634
92,49,626
92,50,610
92,51,602
92,52,640
92,53,648
92,54,648
92,55,596
92,56,674
92,57,625
92,58,610
92,59,625
92,60,613
92,61,616
92,62,560
92,63,635
92,64,608
92,65,611
92,66,624
92,67,627
92,68,649
92,69,634
92,70,622
92,71,624
92,72,592
92,73,608
92,74,613
92,75,634
92,76,604
92,77,629
92,78,598
92,79,621
92,80,617
92,81,623
92,82,622
92,83,620
92,84,604
92,85,605
92,86,630
92,87,622
92,88,645
92,89,623
92,90,623
92,91,619
92,92,607
92,93,590
92,94,588
92,95,618
92,96,627
92,97,603
92,98,636
92,99,617
92,100,625
93,1,615
93,2,629
93,3,649
93,4,620
93,5,618
93,6,604
93,7,579
93,8,643
93,9,618
93,10,599
93,11,627
93,12,616
93,13,629
93,14,646
93,15,593
93,16,618
93,17,603
93,18,621
93,19,652
93,20,617
93,21,618
93,22,629
93,23,625
93,24,605
93,25,625
93,26,641
93,27,614
93,28,624
93,29,609
93,30,636
93,31,620
93,32,652
93,33,613
93,34,621
93,35,604
93,36,643
93,37,610
93,38,642
93,39,618
93,40,638
93,41,637
93,42,602
93,43,625
93,44,651
93,45,607
93,46,614
93,47,625
93,48,608
93,49,619
93,50,632
93,51,630
93,52,633
93,53,629
93,54,600
93,55,629
93,56,650
93,57,614
93,58,626
93,59,638
93,60,631
93,61,660
93,62,616
93,63,614
93,64,622
93,65,624
93,66,603
93,67,617
93,68,627
93,69,593
93,70,641
93,71,692
93,72,598
93,73,648
93,74,618
93,75,631
93,76,596
93,77,626
93,78,617
93,79,603
93,80,616
93,81,610
93,82,605
93,83,618
93,84,607
93,85,626
93,86,610
93,87,613
93,88,656
93,89,635
93,90,638
93,91,642
93,92,646
93,93,606
93,94,622
93,95,608
93,96,624
93,97,632
93,98,606
93,99,665
93,100,608
94,1,597
94,2,621
94,3,641
94,4,666
94,5,613
94,6,610
94,7,607
94,8,602
94,9,641
94,10,620
94,11,655
94,12,610
94,13,607
94,14,641
94,15,614
94,16,614
94,17,620
94,18,615
94,19,601
94,20,602
94,21,624
94,22,628
94,23,647
94,24,656
94,25,610
94,26,629
94,27,622
94,28,613
94,29,623
94,30,634
94,31,635
94,32,642
94,33,641
94,34,624
94,35,642
94,36,618
94,37,635
94,38,612
94,39,647
94,40,631
94,41,615
94,42,606
94,43,619
94,44,641
94,45,602
94,46,628
94,47,616
94,48,608
94,49,623
94,50,609
94,51,614
94,52,640
94,53,575
94,54,623
94,55,621
94,56,640
94,57,610
94,58,590
94,59,629
94,60,601
94,61,597
94,62,605
94,63,609
94,64,618
94,65,597
94,66,621
94,67,605
94,68,644
94,69,618
94,70,616
94,71,653
94,72,642
94,73,601
94,74,615
94,75,639
94,76,628
94,77,639
94,78,623
94,79,606
94,80,620
94,81,636
94,82,636
94,83,623
94,84,595
94,85,616
94,86,631
94,87,629
94,88,642
94,89,630
94,90,610
94,91,615
94,92,645
94,93,614
94,94,614
94,95,618
94,96,609
94,97,609
94,98,595
94,99,598
94,100,586
95,1,624
95,2,639
95,3,600
95,4,626
95,5,603
95,6,610
95,7,631
95,8,619
95,9,632
95,10,631
95,11,637
95,12,621
95,13,621
95,14,621
95,15,633
95,16,649
95,17,606
95,18,631
95,19,626
95,20,641
95,21,572
95,22,638
95,23,612
95,24,629
95,25,669
95,26,618
95,27,626
95,28,602
95,29,586
95,30,640
95,31,614
95,32,587
95,33,616
95,34,622
95,35,634
95,36,645
95,37,654
95,38,615
95,39,613
95,40,609
95,41,620
95,42,558
95,43,599
95,44,645
95,45,623
95,46,643
95,47,634
95,48,618
95,49,611
95,50,626
95,51,611
95,52,619
95,53,636
95,54,635
95,55,628
95,56,637
95,57,624
95,58,614
95,59,622
95,60,603
95,61,627
95,62,626
95,63,618
95,64,620
95,65,610
95,66,598
95,67,624
95,68,624
95,69,612
95,70,624
95,71,629
95,72,617
95,73,625
95,74,633
95,75,613
95,76,626
95,77,622
95,78,621
95,79,623
95,80,598
95,81,632
95,82,630
95,83,626
95,84,628
95,85,600
95,86,646
95,87,646
95,88,622
95,89,628
95,90,631
95,91,618
95,92,616
95,93,634
95,94,622
95,95,615
95,96,633
95,97,604
95,98,600
95,99,618
95,100,601
96,1,612
96,2,621
96,3,622
96,4,608
96,5,616
96,6,588
96,7,643
96,8,627
96,9,639
96,10,623
96,11,613
96,12,614
96,13,646
96,14,603
96,15,616
96,16,615
96,17,621
96,18,643
96,19,620
96,20,644
96,21,650
96,22,626
96,23,625
96,24,624
96,25,630
96,26,629
96,27,601
96,28,633
96,29,611
96,30,629
96,31,633
96,32,644
96,33,624
96,34,623
96,35,624
96,36,617
96,37,628
96,38,614
96,39,633
96,40,605
96,41,608
96,42,611
96,43,646
96,44,631
96,45,648
96,46,609
96,47,608
96,48,644
96,49,623
96,50,617
96,51,620
96,52,580
96,53,625
96,54,617
96,55,634
96,56,628
96,57,628
96,58,619
96,59,647
96,60,613
96,61,656
96,62,624
96,63,612
96,64,641
96,65,608
96,66,619
96,67,610
96,68,610
96,69,612
96,70,637
96,71,636
96,72,640
96,73,602
96,74,596
96,75,634
96,76,631
96,77,614
96,78,618
96,79,624
96,80,640
96,81,614
96,82,628
96,83,620
96,84,594
96,85,609
96,86,640
96,87,633
96,88,623
96,89,609
96,90,653
96,91,615
96,92,627
96,93,638
96,94,628
96,95,612
96,96,611
96,97,659
96,98,657
96,99,635
96,100,608
97,1,651
97,2,595
97,3,623
97,4,624
97,5,601
97,6,618
97,7,643
97,8,622
97,9,619
97,10,619
97,11,642
97,12,625
97,13,612
97,14,626
97,15,646
97,16,610
97,17,619
97,18,603
97,19,628
97,20,616
97,21,612
97,22,611
97,23,669
97,24,638
97,25,623
97,26,654
97,27,653
97,28,619
97,29,610
97,30,639
97,31,639
97,32,631
97,33,618
97,34,644
97,35,604
97,36,665
97,37,626
97,38,614
97,39,624
97,40,606
97,41,624
97,42,605
97,43,634
97,44,647
97,45,617
97,46,617
97,47,671
97,48,572
97,49,577
97,50,603
97,51,611
97,52,634
97,53,629
97,54,610
97,55,578
97,56,629
97,57,629
97,58,609
97,59,612
97,60,628
97,61,623
97,62,603
97,63,612
97,64,621
97,65,654
97,66,594
97,67,609
97,68,614
97,69,587
97,70,610
97,71,624
97,72,624
97,73,639
97,74,625
97,75,608
97,76,610
97,77,591
97,78,597
97,79,632
97,80,608
97,81,656
97,82,618
97,83,633
97,84,609
97,85,644
97,86,612
97,87,609
97,88,619
97,89,629
97,90,597
97,91,628
97,92,635
97,93,628
97,94,619
97,95,626
97,96,642
97,97,626
97,98,621
97,99,600
97,100,610
98,1,629
98,2,616
98,3,618
98,4,625
98,5,604
98,6,616
98,7,630
98,8,639
98,9,648
98,10,606
98,11,628
98,12,610
98,13,613
98,14,612
98,15,642
98,16,609
98,17,604
98,18,631
98,19,609
98,20,608
98,21,609
98,22,628
98,23,616
98,24,607
98,25,625
98,26,609
98,27,619
98,28,641
98,29,648
98,30,643
98,31,645
98,32,609
98,33,594
98,34,607
98,35,659
98,36,611
98,37,624
98,38,623
98,39,606
98,40,632
98,41,637
98,42,637
98,43,634
98,44,630
98,45,641
98,46,634
98,47,642
98,48,622
98,49,606
98,50,604
98,51,633
98,52,631
98,53,600
98,54,622
98,55,600
98,56,629
98,57,627
98,58,617
98,59,622
98,60,626
98,61,612
98,62,625
98,63,615
98,64,621
98,65,599
98,66,657
98,67,623
98,68,627
98,69,640
98,70,620
98,71,610
98,72,646
98,73,614
98,74,617
98,75,625
98,76,628
98,77,606
98,78,624
98,79,617
98,80,637
98,81,614
98,82,303
98,83,608
98,84,625
98,85,629
98,86,653
98,87,628
98,88,613
98,89,605
98,90,613
98,91,599
98,92,616
98,93,625
98,94,637
98,95,642
98,96,615
98,97,628
98,98,620
98,99,637
98,100,606
99,1,603
99,2,636
99,3,638
99,4,643
99,5,629
99,6,620
99,7,586
99,8,614
99,9,615
99,10,613
99,11,620
99,12,634
99,13,622
99,14,607
99,15,563
99,16,629
99,17,617
99,18,615
99,19,621
99,20,613
99,21,638
99,22,644
99,23,665
99,24,633
99,25,613
99,26,626
99,27,630
99,28,614
99,29,595
99,30,620
99,31,605
99,32,625
99,33,620
99,34,623
99,35,633
99,36,630
99,37,612
99,38,610
99,39,602
99,40,621
99,41,622
99,42,631
99,43,621
99,44,603
99,45,630
99,46,608
99,47,626
99,48,642
99,49,621
99,50,625
99,51,619
99,52,601
99,53,623
99,54,618
99,55,636
99,56,605
99,57,617
99,58,639
99,59,625
99,60,629
99,61,630
99,62,631
99,63,614
99,64,652
99,65,617
99,66,636
99,67,617
99,68,645
99,69,663
99,70,618
99,71,634
99,72,644
99,73,637
99,74,629
99,75,619
99,76,611
99,77,631
99,78,596
99,79,612
99,80,619
99,81,610
99,82,611
99,83,624
99,84,621
99,85,615
99,86,608
99,87,660
99,88,612
99,89,651
99,90,619
99,91,598
99,92,626
99,93,629
99,94,628
99,95,618
99,96,620
99,97,627
99,98,623
99,99,629
99,100,619
100,1,596
100,2,658
100,3,622
100,4,658
100,5,614
100,6,621
100,7,596
100,8,624
100,9,633
100,10,611
100,11,629
100,12,630
100,13,633
100,14,602
100,15,616
100,16,623
100,17,658
100,18,619
100,19,614
100,20,627
100,21,606
100,22,636
100,23,639
100,24,616
100,25,626
100,26,608
100,27,618
100,28,633
100,29,631
100,30,603
100,31,632
100,32,620
100,33,616
100,34,558
100,35,634
100,36,614
100,37,640
100,38,641
100,39,598
100,40,605
100,41,632
100,42,638
100,43,622
100,44,614
100,45,590
100,46,592
100,47,604
100,48,633
100,49,616
100,50,616
100,51,613
100,52,634
100,53,624
100,54,613
100,55,602
100,56,641
100,57,604
100,58,611
100,59,598
100,60,599
100,61,660
100,62,604
100,63,625
100,64,597
100,65,639
100,66,601
100,67,606
100,68,625
100,69,623
100,70,611
100,71,625
100,72,646
100,73,602
100,74,643
100,75,611
100,76,613
100,77,600
100,78,627
100,79,641
100,80,615
100,81,635
100,82,622
100,83,625
100,84,654
100,85,611
100,86,615
100,87,599
100,88,641
100,89,628
100,90,612
100,91,640
100,92,604
100,93,610
100,94,627
100,95,637
100,96,598
100,97,636
100,98,617
100,99,618
100,100,620
