update,leading_edge_index,leading_edge_value,count_under,second_leading_edge_left_index,second_leading_edge_left_val,second_leading_edge_right_index,second_leading_edge_right_val,count_6,count_7,count_8,count_9,count_10,count_11,count_12,count_13,count_14,count_15,count_16,count_17,count_18,count_19,count_20,count_21,count_22,count_23,count_24,count_over
1,7,12,0,None,None,None,None,504,0,0,0,0,0,8,0,0,0,0,0,0,0,0,0,0,0,0,0
2,8,12,1,None,None,None,None,498,4,0,0,0,0,9,0,0,0,0,0,0,0,0,0,0,0,0,0
3,9,12,5,None,None,None,None,493,4,0,0,0,1,9,0,0,0,0,0,0,0,0,0,0,0,0,0
4,10,12,4,None,None,None,None,489,9,0,0,0,0,10,0,0,0,0,0,0,0,0,0,0,0,0,0
5,11,12,1,None,None,None,None,488,11,0,0,0,0,12,0,0,0,0,0,0,0,0,0,0,0,0,0
6,12,12,3,None,None,None,None,480,15,1,0,0,0,13,0,0,0,0,0,0,0,0,0,0,0,0,0
7,13,12,5,None,None,None,None,475,18,0,0,0,1,13,0,0,0,0,0,0,0,0,0,0,0,0,0
8,14,12,3,None,None,None,None,471,23,0,0,0,0,15,0,0,0,0,0,0,0,0,0,0,0,0,0
9,14,12,2,None,None,None,None,472,22,1,0,0,0,15,0,0,0,0,0,0,0,0,0,0,0,0,0
10,14,12,4,None,None,None,None,472,20,1,0,0,0,15,0,0,0,0,0,0,0,0,0,0,0,0,0
11,15,12,7,None,None,None,None,471,17,1,0,0,0,16,0,0,0,0,0,0,0,0,0,0,0,0,0
12,16,12,1,None,None,None,None,473,20,1,0,0,0,17,0,0,0,0,0,0,0,0,0,0,0,0,0
13,17,12,4,None,None,None,None,466,23,1,0,0,0,18,0,0,0,0,0,0,0,0,0,0,0,0,0
14,18,12,6,None,None,None,None,461,26,0,0,0,0,19,0,0,0,0,0,0,0,0,0,0,0,0,0
15,18,12,4,None,None,None,None,461,27,1,0,0,0,19,0,0,0,0,0,0,0,0,0,0,0,0,0
16,19,12,4,None,None,None,None,457,29,2,0,0,0,20,0,0,0,0,0,0,0,0,0,0,0,0,0
17,20,12,1,None,None,None,None,454,33,3,0,0,0,21,0,0,0,0,0,0,0,0,0,0,0,0,0
18,20,12,1,None,None,None,None,449,39,2,0,0,0,21,0,0,0,0,0,0,0,0,0,0,0,0,0
19,21,12,5,None,None,None,None,441,43,1,0,0,0,22,0,0,0,0,0,0,0,0,0,0,0,0,0
20,22,12,1,None,None,None,None,445,42,1,0,0,0,23,0,0,0,0,0,0,0,0,0,0,0,0,0
21,23,12,1,None,None,None,None,444,40,3,0,0,0,24,0,0,0,0,0,0,0,0,0,0,0,0,0
22,24,12,3,None,None,None,None,446,35,3,0,0,0,25,0,0,0,0,0,0,0,0,0,0,0,0,0
23,25,12,5,None,None,None,None,442,37,2,0,0,0,26,0,0,0,0,0,0,0,0,0,0,0,0,0
24,26,12,5,None,None,None,None,439,38,4,0,0,2,24,0,0,0,0,0,0,0,0,0,0,0,0,0
25,27,12,2,None,None,None,None,439,40,4,0,0,2,25,0,0,0,0,0,0,0,0,0,0,0,0,0
26,28,12,3,None,None,None,None,441,34,5,0,0,0,29,0,0,0,0,0,0,0,0,0,0,0,0,0
27,29,12,1,None,None,None,None,437,38,6,0,0,1,29,0,0,0,0,0,0,0,0,0,0,0,0,0
28,30,12,9,None,None,None,None,429,38,5,0,0,0,30,1,0,0,0,0,0,0,0,0,0,0,0,0
29,31,12,3,None,None,None,None,433,39,6,0,0,1,28,2,0,0,0,0,0,0,0,0,0,0,0,0
30,32,12,5,None,None,None,None,425,45,5,0,0,0,32,0,0,0,0,0,0,0,0,0,0,0,0,0
31,33,12,3,None,None,None,None,417,51,7,0,0,0,34,0,0,0,0,0,0,0,0,0,0,0,0,0
32,34,12,2,None,None,None,None,414,52,9,0,0,0,35,0,0,0,0,0,0,0,0,0,0,0,0,0
33,35,12,3,None,None,None,None,411,53,9,0,0,0,36,0,0,0,0,0,0,0,0,0,0,0,0,0
34,36,12,3,None,None,None,None,407,58,7,0,0,0,37,0,0,0,0,0,0,0,0,0,0,0,0,0
35,37,12,4,None,None,None,None,406,56,8,0,0,0,38,0,0,0,0,0,0,0,0,0,0,0,0,0
36,38,12,0,None,None,None,None,402,60,11,0,0,0,39,0,0,0,0,0,0,0,0,0,0,0,0,0
37,38,12,3,None,None,None,None,392,65,13,0,0,1,38,0,0,0,0,0,0,0,0,0,0,0,0,0
38,39,12,0,None,None,None,None,393,64,15,0,0,0,40,0,0,0,0,0,0,0,0,0,0,0,0,0
39,40,12,2,None,None,None,None,394,59,15,1,0,0,41,0,0,0,0,0,0,0,0,0,0,0,0,0
40,41,12,3,None,None,None,None,397,58,13,0,0,0,41,0,0,0,0,0,0,0,0,0,0,0,0,0
41,42,12,1,None,None,None,None,393,62,14,0,0,1,41,0,0,0,0,0,0,0,0,0,0,0,0,0
42,43,12,2,None,None,None,None,398,56,12,0,0,0,44,0,0,0,0,0,0,0,0,0,0,0,0,0
43,44,12,2,None,None,None,None,390,64,11,0,0,0,45,0,0,0,0,0,0,0,0,0,0,0,0,0
44,45,12,2,None,None,None,None,391,61,12,0,0,0,46,0,0,0,0,0,0,0,0,0,0,0,0,0
45,46,12,3,None,None,None,None,392,58,12,0,0,0,47,0,0,0,0,0,0,0,0,0,0,0,0,0
46,47,12,2,None,None,None,None,391,57,14,0,0,1,47,0,0,0,0,0,0,0,0,0,0,0,0,0
47,48,12,3,None,None,None,None,388,60,12,0,0,1,48,0,0,0,0,0,0,0,0,0,0,0,0,0
48,49,12,1,None,None,None,None,385,64,12,0,0,0,49,1,0,0,0,0,0,0,0,0,0,0,0,0
49,50,12,5,None,None,None,None,372,70,13,1,0,0,49,2,0,0,0,0,0,0,0,0,0,0,0,0
50,51,12,5,None,None,None,None,366,72,17,0,0,0,51,1,0,0,0,0,0,0,0,0,0,0,0,0
51,52,12,3,None,None,None,None,370,68,18,0,0,0,52,1,0,0,0,0,0,0,0,0,0,0,0,0
52,53,12,2,None,None,None,None,374,63,19,0,0,0,52,2,0,0,0,0,0,0,0,0,0,0,0,0
53,54,12,0,None,None,None,None,370,70,17,0,0,2,50,3,0,0,0,0,0,0,0,0,0,0,0,0
54,55,12,0,None,None,None,None,374,69,13,0,0,1,47,8,0,0,0,0,0,0,0,0,0,0,0,0
55,55,12,2,None,None,None,None,372,72,10,0,0,0,48,8,0,0,0,0,0,0,0,0,0,0,0,0
56,56,12,5,None,None,None,None,377,64,9,0,0,1,47,9,0,0,0,0,0,0,0,0,0,0,0,0
57,56,12,1,None,None,None,None,382,63,9,0,0,0,47,10,0,0,0,0,0,0,0,0,0,0,0,0
58,57,12,3,None,None,None,None,379,63,9,0,0,1,50,7,0,0,0,0,0,0,0,0,0,0,0,0
59,58,12,2,None,None,None,None,375,67,9,0,0,1,50,8,0,0,0,0,0,0,0,0,0,0,0,0
60,59,12,2,None,None,None,None,372,70,9,0,0,0,53,6,0,0,0,0,0,0,0,0,0,0,0,0
61,60,12,3,None,None,None,None,367,73,8,0,0,0,52,9,0,0,0,0,0,0,0,0,0,0,0,0
62,61,12,3,None,None,None,None,360,77,11,0,0,0,51,10,0,0,0,0,0,0,0,0,0,0,0,0
63,62,12,2,None,None,None,None,355,81,11,0,0,1,51,11,0,0,0,0,0,0,0,0,0,0,0,0
64,63,12,4,None,None,None,None,356,80,8,0,0,0,54,10,0,0,0,0,0,0,0,0,0,0,0,0
65,64,12,3,None,None,None,None,356,81,7,0,0,0,56,9,0,0,0,0,0,0,0,0,0,0,0,0
66,65,12,5,None,None,None,None,355,78,8,0,0,0,56,10,0,0,0,0,0,0,0,0,0,0,0,0
67,66,12,6,None,None,None,None,347,85,7,0,0,0,54,13,0,0,0,0,0,0,0,0,0,0,0,0
68,67,12,4,None,None,None,None,352,78,10,0,0,0,54,14,0,0,0,0,0,0,0,0,0,0,0,0
69,68,12,2,None,None,None,None,353,77,10,1,0,0,56,13,0,0,0,0,0,0,0,0,0,0,0,0
70,69,12,3,None,None,None,None,353,75,11,0,0,0,57,13,0,0,0,0,0,0,0,0,0,0,0,0
71,70,12,5,None,None,None,None,353,73,10,0,0,0,59,12,0,0,0,0,0,0,0,0,0,0,0,0
72,70,12,3,None,None,None,None,361,70,7,0,0,2,59,10,0,0,0,0,0,0,0,0,0,0,0,0
73,71,12,4,None,None,None,None,364,64,8,0,0,1,60,11,0,0,0,0,0,0,0,0,0,0,0,0
74,72,12,2,None,None,None,None,370,61,6,0,0,0,61,12,0,0,0,0,0,0,0,0,0,0,0,0
75,73,12,5,None,None,None,None,362,66,5,0,0,0,64,10,0,0,0,0,0,0,0,0,0,0,0,0
76,74,12,4,None,None,None,None,368,62,3,0,0,1,64,10,0,0,0,0,0,0,0,0,0,0,0,0
77,75,12,3,None,None,None,None,360,72,1,0,0,0,67,9,0,0,0,0,0,0,0,0,0,0,0,0
78,76,12,5,None,None,None,None,347,81,2,0,0,1,65,11,0,0,0,0,0,0,0,0,0,0,0,0
79,77,12,2,None,None,None,None,342,89,1,0,0,1,65,12,0,0,0,0,0,0,0,0,0,0,0,0
80,77,12,2,None,None,None,None,337,95,0,0,0,0,65,13,0,0,0,0,0,0,0,0,0,0,0,0
81,78,12,5,None,None,None,None,338,90,0,0,0,0,68,11,0,0,0,0,0,0,0,0,0,0,0,0
82,79,12,2,None,None,None,None,341,89,0,0,0,0,68,12,0,0,0,0,0,0,0,0,0,0,0,0
83,79,12,3,None,None,None,None,342,85,2,0,0,0,68,12,0,0,0,0,0,0,0,0,0,0,0,0
84,80,12,5,None,None,None,None,351,75,0,0,0,0,69,12,0,0,0,0,0,0,0,0,0,0,0,0
85,81,12,3,None,None,None,None,356,70,1,0,0,0,68,14,0,0,0,0,0,0,0,0,0,0,0,0
86,82,12,3,None,None,None,None,353,73,0,0,0,0,67,16,0,0,0,0,0,0,0,0,0,0,0,0
87,83,12,2,None,None,None,None,349,77,0,0,0,1,63,20,0,0,0,0,0,0,0,0,0,0,0,0
88,84,12,4,None,None,None,None,341,82,0,0,0,1,63,21,0,0,0,0,0,0,0,0,0,0,0,0
89,84,12,4,None,None,None,None,337,86,0,0,0,1,62,22,0,0,0,0,0,0,0,0,0,0,0,0
90,85,12,5,None,None,None,None,344,77,0,0,0,0,68,18,0,0,0,0,0,0,0,0,0,0,0,0
91,86,12,1,None,None,None,None,339,85,0,0,0,0,71,16,0,0,0,0,0,0,0,0,0,0,0,0
92,87,12,4,None,None,None,None,335,85,0,0,0,1,73,14,0,0,0,0,0,0,0,0,0,0,0,0
93,88,12,4,None,None,None,None,336,83,0,0,0,0,77,12,0,0,0,0,0,0,0,0,0,0,0,0
94,89,12,1,None,None,None,None,342,79,0,0,0,0,80,10,0,0,0,0,0,0,0,0,0,0,0,0
95,90,12,3,None,None,None,None,344,74,0,0,0,0,84,7,0,0,0,0,0,0,0,0,0,0,0,0
96,91,12,3,None,None,None,None,343,71,3,0,0,0,82,10,0,0,0,0,0,0,0,0,0,0,0,0
97,92,12,2,None,None,None,None,344,70,3,0,0,1,86,6,0,0,0,0,0,0,0,0,0,0,0,0
98,93,12,2,None,None,None,None,345,67,4,0,0,1,85,8,0,0,0,0,0,0,0,0,0,0,0,0
99,94,12,2,None,None,None,None,346,66,3,0,0,0,89,6,0,0,0,0,0,0,0,0,0,0,0,0
100,95,12,2,None,None,None,None,347,64,3,0,0,1,94,1,0,0,0,0,0,0,0,0,0,0,0,0
101,96,12,1,None,None,None,None,345,67,2,0,0,2,93,2,0,0,0,0,0,0,0,0,0,0,0,0
102,97,12,1,None,None,None,None,345,65,3,0,0,0,94,4,0,0,0,0,0,0,0,0,0,0,0,0
103,98,12,0,None,None,None,None,342,66,5,0,0,0,95,4,0,0,0,0,0,0,0,0,0,0,0,0
104,99,12,3,None,None,None,None,339,66,4,0,0,0,94,6,0,0,0,0,0,0,0,0,0,0,0,0
105,100,12,3,None,None,None,None,343,63,2,0,0,0,96,5,0,0,0,0,0,0,0,0,0,0,0,0
106,101,12,2,None,None,None,None,346,60,2,0,0,0,96,6,0,0,0,0,0,0,0,0,0,0,0,0
107,102,12,2,None,None,None,None,348,57,2,0,0,0,96,7,0,0,0,0,0,0,0,0,0,0,0,0
108,103,12,2,None,None,None,None,341,62,3,0,0,1,97,6,0,0,0,0,0,0,0,0,0,0,0,0
109,104,12,2,None,None,None,None,345,57,3,0,0,0,98,7,0,0,0,0,0,0,0,0,0,0,0,0
110,105,12,1,None,None,None,None,352,49,4,0,0,0,97,9,0,0,0,0,0,0,0,0,0,0,0,0
111,106,12,3,None,None,None,None,351,49,2,0,0,0,95,12,0,0,0,0,0,0,0,0,0,0,0,0
112,107,12,0,None,None,None,None,352,51,1,0,0,2,93,13,0,0,0,0,0,0,0,0,0,0,0,0
113,108,12,1,None,None,None,None,354,47,1,0,0,0,100,9,0,0,0,0,0,0,0,0,0,0,0,0
114,109,12,3,None,None,None,None,352,47,0,0,0,0,101,9,0,0,0,0,0,0,0,0,0,0,0,0
115,110,12,4,None,None,None,None,346,51,0,0,0,0,101,10,0,0,0,0,0,0,0,0,0,0,0,0
116,111,12,4,None,None,None,None,352,44,0,0,0,2,97,13,0,0,0,0,0,0,0,0,0,0,0,0
117,112,12,5,None,None,None,None,345,48,1,0,0,0,103,10,0,0,0,0,0,0,0,0,0,0,0,0
118,111,12,7,None,None,None,None,349,44,0,0,0,0,99,13,0,0,0,0,0,0,0,0,0,0,0,0
119,112,12,6,None,None,None,None,347,46,0,0,0,0,96,17,0,0,0,0,0,0,0,0,0,0,0,0
120,113,12,4,None,None,None,None,343,51,0,0,0,1,96,17,0,0,0,0,0,0,0,0,0,0,0,0
121,114,12,3,None,None,None,None,344,49,1,0,0,1,99,15,0,0,0,0,0,0,0,0,0,0,0,0
122,115,12,4,None,None,None,None,344,47,1,0,0,0,99,17,0,0,0,0,0,0,0,0,0,0,0,0
123,116,13,3,None,None,None,None,337,55,0,0,0,0,98,19,0,0,0,0,0,0,0,0,0,0,0,0
124,117,13,4,None,None,None,None,336,54,0,0,0,0,97,21,0,0,0,0,0,0,0,0,0,0,0,0
125,118,13,2,None,None,None,None,340,51,0,0,0,2,93,24,0,0,0,0,0,0,0,0,0,0,0,0
126,119,14,4,None,None,None,None,339,48,1,0,0,1,92,26,1,0,0,0,0,0,0,0,0,0,0,0
127,120,14,3,None,None,None,None,338,50,0,0,0,0,93,27,1,0,0,0,0,0,0,0,0,0,0,0
128,121,14,4,None,None,None,None,342,44,0,0,0,0,92,28,2,0,0,0,0,0,0,0,0,0,0,0
129,122,14,1,None,None,None,None,342,46,0,0,0,0,93,26,4,0,0,0,0,0,0,0,0,0,0,0
130,123,14,3,None,None,None,None,352,33,0,0,0,0,94,24,6,0,0,0,0,0,0,0,0,0,0,0
131,124,14,4,None,None,None,None,354,29,1,0,0,1,90,27,6,0,0,0,0,0,0,0,0,0,0,0
132,124,14,5,None,None,None,None,347,32,3,0,0,1,87,30,7,0,0,0,0,0,0,0,0,0,0,0
133,125,14,4,None,None,None,None,346,32,4,0,0,0,91,28,7,0,0,0,0,0,0,0,0,0,0,0
134,126,14,6,None,None,None,None,345,31,3,0,0,0,91,28,8,0,0,0,0,0,0,0,0,0,0,0
135,126,14,3,None,None,None,None,344,35,3,0,0,0,90,29,8,0,0,0,0,0,0,0,0,0,0,0
136,127,14,2,None,None,None,None,345,33,4,0,0,2,85,30,11,0,0,0,0,0,0,0,0,0,0,0
137,128,14,1,None,None,None,None,348,29,5,0,0,1,83,32,13,0,0,0,0,0,0,0,0,0,0,0
138,128,14,1,None,None,None,None,351,28,3,0,0,1,92,24,12,0,0,0,0,0,0,0,0,0,0,0
139,129,14,3,None,None,None,None,350,25,4,0,0,1,93,22,13,1,0,0,0,0,0,0,0,0,0,0
140,130,14,1,None,None,None,None,349,27,4,0,0,1,95,22,12,1,0,0,0,0,0,0,0,0,0,0
141,131,14,2,None,None,None,None,346,29,3,0,0,1,96,21,12,2,0,0,0,0,0,0,0,0,0,0
142,132,14,3,None,None,None,None,346,27,3,0,0,1,97,21,11,3,0,0,0,0,0,0,0,0,0,0
143,132,14,5,None,None,None,None,342,30,2,0,0,0,98,20,12,3,0,0,0,0,0,0,0,0,0,0
144,133,14,4,None,None,None,None,344,29,1,0,0,1,96,21,11,5,0,0,0,0,0,0,0,0,0,0
145,134,14,1,None,None,None,None,344,31,1,0,0,1,95,22,13,4,0,0,0,0,0,0,0,0,0,0
146,134,14,2,None,None,None,None,344,30,1,0,0,0,95,23,14,2,1,0,0,0,0,0,0,0,0,0
147,135,14,4,None,None,None,None,341,30,1,0,0,0,98,20,15,2,1,0,0,0,0,0,0,0,0,0
148,135,14,5,None,None,None,None,339,32,0,0,0,1,99,19,14,2,1,0,0,0,0,0,0,0,0,0
149,136,14,3,None,None,None,None,338,34,0,0,0,0,97,23,13,2,2,0,0,0,0,0,0,0,0,0
150,136,14,4,None,None,None,None,339,31,1,0,0,0,104,18,11,3,1,0,0,0,0,0,0,0,0,0
151,137,14,4,None,None,None,None,346,25,0,0,0,1,103,19,9,3,2,0,0,0,0,0,0,0,0,0
152,138,14,4,None,None,None,None,338,32,0,0,0,2,104,18,12,1,1,0,0,0,0,0,0,0,0,0
153,139,14,2,None,None,None,None,340,29,2,0,0,2,103,19,12,2,1,0,0,0,0,0,0,0,0,0
154,140,14,2,None,None,None,None,340,27,2,0,0,0,102,22,14,2,1,0,0,0,0,0,0,0,0,0
155,141,14,3,None,None,None,None,338,27,2,0,0,0,102,24,14,2,0,0,0,0,0,0,0,0,0,0
156,142,14,2,None,None,None,None,337,27,3,0,0,0,100,25,17,1,0,0,0,0,0,0,0,0,0,0
157,142,14,2,None,None,None,None,333,29,5,0,0,0,100,26,16,0,1,0,0,0,0,0,0,0,0,0
158,143,14,2,None,None,None,None,332,30,4,0,0,0,94,32,17,0,1,0,0,0,0,0,0,0,0,0
159,143,14,2,None,None,None,None,330,31,5,0,0,0,93,34,16,0,1,0,0,0,0,0,0,0,0,0
160,144,14,4,None,None,None,None,324,34,5,0,0,3,92,32,17,0,1,0,0,0,0,0,0,0,0,0
161,145,14,4,None,None,None,None,319,39,4,0,0,0,92,35,19,0,0,0,0,0,0,0,0,0,0,0
162,146,14,2,None,None,None,None,314,46,3,0,0,1,98,29,19,0,0,0,0,0,0,0,0,0,0,0
163,147,14,1,None,None,None,None,314,46,2,1,0,1,99,29,19,0,0,0,0,0,0,0,0,0,0,0
164,147,14,2,None,None,None,None,314,44,4,0,0,0,102,26,20,0,0,0,0,0,0,0,0,0,0,0
165,148,14,1,None,None,None,None,315,42,5,0,0,0,101,26,22,0,0,0,0,0,0,0,0,0,0,0
166,149,14,1,None,None,None,None,320,35,6,0,0,1,106,21,22,0,0,0,0,0,0,0,0,0,0,0
167,150,14,4,None,None,None,None,318,34,5,0,0,1,107,20,23,0,0,0,0,0,0,0,0,0,0,0
168,151,14,0,None,None,None,None,323,33,4,0,0,1,108,19,24,0,0,0,0,0,0,0,0,0,0,0
169,152,14,3,None,None,None,None,314,37,5,0,0,0,106,21,26,0,0,0,0,0,0,0,0,0,0,0
170,153,14,2,None,None,None,None,316,34,6,0,0,1,105,21,27,0,0,0,0,0,0,0,0,0,0,0
171,154,14,2,None,None,None,None,319,34,2,0,0,0,109,18,28,0,0,0,0,0,0,0,0,0,0,0
172,154,14,2,None,None,None,None,318,34,3,0,0,1,110,16,28,0,0,0,0,0,0,0,0,0,0,0
173,155,14,7,None,None,None,None,309,36,4,0,0,0,114,13,29,0,0,0,0,0,0,0,0,0,0,0
174,156,14,2,None,None,None,None,319,29,5,0,0,0,113,15,29,0,0,0,0,0,0,0,0,0,0,0
175,157,14,3,None,None,None,None,317,28,6,0,0,0,116,12,30,0,0,0,0,0,0,0,0,0,0,0
176,158,14,2,None,None,None,None,312,34,5,0,0,2,114,12,31,0,0,0,0,0,0,0,0,0,0,0
177,159,14,3,None,None,None,None,307,38,4,0,0,0,118,12,30,0,0,0,0,0,0,0,0,0,0,0
178,160,14,4,None,None,None,None,304,42,2,0,0,0,115,13,32,0,0,0,0,0,0,0,0,0,0,0
179,160,14,3,None,None,None,None,304,42,2,0,0,0,118,10,32,1,0,0,0,0,0,0,0,0,0,0
180,161,14,5,None,None,None,None,301,41,3,0,0,0,116,12,31,3,0,0,0,0,0,0,0,0,0,0
181,162,14,2,None,None,None,None,304,40,3,0,0,0,116,11,33,3,0,0,0,0,0,0,0,0,0,0
182,163,14,0,None,None,None,None,311,33,4,0,0,2,114,10,33,5,0,0,0,0,0,0,0,0,0,0
183,163,14,2,None,None,None,None,304,36,6,0,0,2,111,12,33,6,0,0,0,0,0,0,0,0,0,0
184,164,14,0,None,None,None,None,300,41,6,0,0,1,109,15,36,4,0,0,0,0,0,0,0,0,0,0
185,165,14,1,None,None,None,None,294,46,5,0,0,1,113,12,33,7,0,0,0,0,0,0,0,0,0,0
186,166,14,4,None,None,None,None,290,46,5,0,0,1,111,15,33,7,0,0,0,0,0,0,0,0,0,0
187,166,14,5,None,None,None,None,286,49,5,0,0,1,112,18,26,9,1,0,0,0,0,0,0,0,0,0
188,167,14,1,None,None,None,None,286,52,5,0,0,0,111,21,27,8,1,0,0,0,0,0,0,0,0,0
189,168,14,3,None,None,None,None,282,53,5,0,0,0,115,17,29,6,2,0,0,0,0,0,0,0,0,0
190,169,14,0,None,None,None,None,283,54,5,0,0,4,110,18,29,6,3,0,0,0,0,0,0,0,0,0
191,170,14,1,None,None,None,None,280,57,3,0,0,2,110,20,30,5,4,0,0,0,0,0,0,0,0,0
192,171,14,4,None,None,None,None,271,62,3,0,0,1,110,21,33,3,4,0,0,0,0,0,0,0,0,0
193,172,14,5,None,None,None,None,264,65,5,0,0,0,112,19,36,4,2,0,0,0,0,0,0,0,0,0
194,172,14,2,None,None,None,None,263,70,3,1,0,0,111,20,36,4,2,0,0,0,0,0,0,0,0,0
195,173,14,1,None,None,None,None,267,67,2,1,0,2,110,18,38,3,3,0,0,0,0,0,0,0,0,0
196,174,14,4,None,None,None,None,268,62,2,1,0,0,111,20,40,1,3,0,0,0,0,0,0,0,0,0
197,175,14,4,None,None,None,None,271,58,2,1,0,1,110,19,43,1,2,0,0,0,0,0,0,0,0,0
198,176,14,3,None,None,None,None,275,54,2,1,0,0,113,16,46,0,2,0,0,0,0,0,0,0,0,0
199,177,14,2,None,None,None,None,277,55,0,0,0,1,115,14,47,0,1,0,0,0,0,0,0,0,0,0
200,178,14,2,None,None,None,None,276,55,0,0,0,0,120,9,49,0,1,0,0,0,0,0,0,0,0,0
201,179,14,2,None,None,None,None,272,58,0,0,0,1,121,9,48,0,1,0,0,0,0,0,0,0,0,0
202,180,14,0,None,None,None,None,270,60,1,0,0,1,122,9,48,0,1,0,0,0,0,0,0,0,0,0
203,181,14,0,None,None,None,None,267,63,0,0,0,1,120,13,48,0,0,0,0,0,0,0,0,0,0,0
204,182,14,3,None,None,None,None,268,58,0,0,0,0,122,14,47,0,0,0,0,0,0,0,0,0,0,0
205,182,14,3,None,None,None,None,273,53,0,0,0,1,118,17,46,1,0,0,0,0,0,0,0,0,0,0
206,183,14,1,None,None,None,None,272,53,3,0,0,0,123,15,42,3,0,0,0,0,0,0,0,0,0,0
207,184,14,2,None,None,None,None,271,51,3,0,0,0,122,16,44,3,0,0,0,0,0,0,0,0,0,0
208,185,14,1,None,None,None,None,267,52,6,0,0,1,116,23,40,6,0,0,0,0,0,0,0,0,0,0
209,185,14,1,None,None,None,None,265,52,8,0,0,1,116,24,42,2,1,0,0,0,0,0,0,0,0,0
210,185,14,2,None,None,None,None,265,47,12,0,0,2,115,24,41,1,3,0,0,0,0,0,0,0,0,0
211,186,14,3,None,None,None,None,264,44,14,0,0,2,115,28,41,0,1,0,0,0,0,0,0,0,0,0
212,187,14,0,None,None,None,None,263,48,14,0,0,1,120,26,40,0,0,0,0,0,0,0,0,0,0,0
213,187,14,1,None,None,None,None,262,50,11,0,0,0,126,24,38,0,0,0,0,0,0,0,0,0,0,0
214,187,14,3,None,None,None,None,267,44,10,0,0,1,121,27,39,0,0,0,0,0,0,0,0,0,0,0
215,187,14,5,None,None,None,None,258,51,10,0,0,0,117,29,42,0,0,0,0,0,0,0,0,0,0,0
216,188,14,3,None,None,None,None,263,51,6,0,0,1,117,29,42,0,0,0,0,0,0,0,0,0,0,0
217,189,14,5,None,None,None,None,257,52,8,0,0,1,118,29,40,2,0,0,0,0,0,0,0,0,0,0
218,189,14,2,None,None,None,None,259,53,8,0,0,0,119,27,42,2,0,0,0,0,0,0,0,0,0,0
219,190,14,5,None,None,None,None,257,50,9,0,0,0,113,35,43,0,0,0,0,0,0,0,0,0,0,0
220,190,14,0,None,None,None,None,265,49,7,0,0,0,118,34,38,1,0,0,0,0,0,0,0,0,0,0
221,191,14,1,None,None,None,None,262,51,6,0,0,2,118,30,41,1,0,0,0,0,0,0,0,0,0,0
222,192,14,5,None,None,None,None,260,49,5,0,0,1,120,28,43,1,0,0,0,0,0,0,0,0,0,0
223,193,14,2,None,None,None,None,263,47,6,0,0,0,123,27,42,2,0,0,0,0,0,0,0,0,0,0
224,194,14,1,None,None,None,None,261,48,7,0,0,1,121,25,45,3,0,0,0,0,0,0,0,0,0,0
225,195,14,1,None,None,None,None,259,49,7,0,0,2,126,18,46,4,0,0,0,0,0,0,0,0,0,0
226,196,14,2,None,None,None,None,266,41,6,0,0,0,126,21,46,4,0,0,0,0,0,0,0,0,0,0
227,197,14,0,None,None,None,None,268,40,6,1,0,0,124,22,45,6,0,0,0,0,0,0,0,0,0,0
228,198,14,1,None,None,None,None,262,42,7,1,0,1,123,22,45,8,0,0,0,0,0,0,0,0,0,0
229,199,14,1,None,None,None,None,264,41,6,0,0,1,118,28,45,8,0,0,0,0,0,0,0,0,0,0
230,200,14,3,None,None,None,None,261,40,7,0,0,0,121,23,48,9,0,0,0,0,0,0,0,0,0,0
231,201,14,3,None,None,None,None,266,35,6,0,0,1,118,26,49,8,0,0,0,0,0,0,0,0,0,0
232,202,14,0,None,None,None,None,268,34,7,0,0,0,118,28,49,8,0,0,0,0,0,0,0,0,0,0
233,202,14,3,None,None,None,None,271,28,7,0,0,0,121,24,52,6,0,0,0,0,0,0,0,0,0,0
234,203,14,4,None,None,None,None,273,22,9,0,0,1,126,18,54,4,1,0,0,0,0,0,0,0,0,0
235,204,14,3,None,None,None,None,278,18,7,1,0,1,124,18,56,5,1,0,0,0,0,0,0,0,0,0
236,205,14,4,None,None,None,None,270,23,8,1,0,2,126,17,57,4,0,0,0,0,0,0,0,0,0,0
237,206,14,2,None,None,None,None,275,19,8,1,0,1,127,19,54,6,0,0,0,0,0,0,0,0,0,0
238,206,14,0,None,None,None,None,278,20,6,1,0,1,127,22,49,8,0,0,0,0,0,0,0,0,0,0
239,207,14,3,None,None,None,None,270,24,5,2,0,1,126,26,47,8,0,0,0,0,0,0,0,0,0,0
240,208,14,1,None,None,None,None,271,26,3,3,0,1,125,30,45,7,0,0,0,0,0,0,0,0,0,0
241,209,15,1,None,None,None,None,274,22,4,2,0,1,124,26,49,9,0,0,0,0,0,0,0,0,0,0
242,209,15,1,None,None,None,None,269,25,5,2,0,1,121,31,47,10,0,0,0,0,0,0,0,0,0,0
243,210,15,2,None,None,None,None,267,25,5,2,0,0,123,32,45,11,0,0,0,0,0,0,0,0,0,0
244,210,15,2,None,None,None,None,271,22,6,0,0,1,121,34,42,13,0,0,0,0,0,0,0,0,0,0
245,211,15,0,None,None,None,None,272,21,7,0,0,1,120,37,40,14,0,0,0,0,0,0,0,0,0,0
246,211,15,1,None,None,None,None,270,24,5,0,0,1,123,31,45,12,0,0,0,0,0,0,0,0,0,0
247,212,15,0,None,None,None,None,265,30,3,1,0,1,123,32,45,12,0,0,0,0,0,0,0,0,0,0
248,213,15,2,None,None,None,None,262,30,3,1,0,1,126,30,45,12,0,0,0,0,0,0,0,0,0,0
249,214,15,1,None,None,None,None,266,27,2,1,0,0,128,27,46,14,0,0,0,0,0,0,0,0,0,0
250,215,15,2,None,None,None,None,261,31,1,1,0,4,127,24,44,17,0,0,0,0,0,0,0,0,0,0
251,216,15,3,None,None,None,None,252,38,1,1,0,2,127,27,43,18,0,0,0,0,0,0,0,0,0,0
252,217,15,1,None,None,None,None,253,39,1,0,0,0,127,30,41,19,1,0,0,0,0,0,0,0,0,0
253,218,15,0,None,None,None,None,253,40,0,0,0,0,124,35,39,20,1,0,0,0,0,0,0,0,0,0
254,219,15,5,None,None,None,None,241,46,0,0,0,1,122,37,39,21,0,0,0,0,0,0,0,0,0,0
255,220,15,1,None,None,None,None,248,42,0,0,0,0,123,35,41,22,0,0,0,0,0,0,0,0,0,0
256,220,15,3,None,None,None,None,242,46,0,0,0,1,129,29,38,24,0,0,0,0,0,0,0,0,0,0
257,221,15,2,None,None,None,None,239,47,2,0,0,2,127,28,40,25,0,0,0,0,0,0,0,0,0,0
258,221,15,1,None,None,None,None,248,40,1,0,0,0,131,28,37,26,0,0,0,0,0,0,0,0,0,0
259,222,15,2,None,None,None,None,251,35,1,0,0,0,127,33,36,27,0,0,0,0,0,0,0,0,0,0
260,222,15,3,None,None,None,None,251,34,1,0,0,0,126,36,33,27,1,0,0,0,0,0,0,0,0,0
261,223,15,1,None,None,None,None,253,31,3,0,0,2,121,38,29,34,0,0,0,0,0,0,0,0,0,0
262,223,15,2,None,None,None,None,253,29,4,0,0,3,123,38,28,32,0,0,0,0,0,0,0,0,0,0
263,224,15,2,None,None,None,None,256,26,4,0,0,1,126,37,28,32,0,0,0,0,0,0,0,0,0,0
264,225,15,1,None,None,None,None,248,30,7,0,0,1,126,38,26,35,0,0,0,0,0,0,0,0,0,0
265,226,15,1,None,None,None,None,244,34,5,1,0,2,125,39,26,34,1,0,0,0,0,0,0,0,0,0
266,226,15,3,None,None,None,None,247,30,5,0,0,2,129,38,23,34,1,0,0,0,0,0,0,0,0,0
267,226,15,2,None,None,None,None,245,33,5,0,0,2,127,39,26,33,0,0,0,0,0,0,0,0,0,0
268,227,15,4,None,None,None,None,241,38,2,0,0,1,127,39,28,32,0,0,0,0,0,0,0,0,0,0
269,228,15,3,None,None,None,None,233,45,2,0,0,1,127,38,31,32,0,0,0,0,0,0,0,0,0,0
270,229,15,4,None,None,None,None,231,43,4,0,0,0,129,40,30,31,0,0,0,0,0,0,0,0,0,0
271,229,15,3,None,None,None,None,230,44,5,0,0,1,127,41,31,30,0,0,0,0,0,0,0,0,0,0
272,230,15,7,None,None,None,None,230,37,7,0,0,2,122,45,33,29,0,0,0,0,0,0,0,0,0,0
273,231,15,3,None,None,None,None,239,31,7,0,0,0,123,47,33,29,0,0,0,0,0,0,0,0,0,0
274,232,15,2,None,None,None,None,237,32,8,0,0,2,125,43,32,31,0,0,0,0,0,0,0,0,0,0
275,233,15,1,None,None,None,None,239,32,6,0,0,0,123,46,32,33,0,0,0,0,0,0,0,0,0,0
276,234,15,3,None,None,None,None,234,34,6,0,0,0,123,49,29,34,0,0,0,0,0,0,0,0,0,0
277,235,15,2,None,None,None,None,235,32,6,1,0,1,122,49,30,34,0,0,0,0,0,0,0,0,0,0
278,236,15,4,None,None,None,None,236,27,8,0,0,1,119,51,29,36,1,0,0,0,0,0,0,0,0,0
279,237,15,6,None,None,None,None,237,23,8,0,0,1,118,49,31,39,0,0,0,0,0,0,0,0,0,0
280,237,15,3,None,None,None,None,243,19,9,0,0,0,117,48,36,37,0,0,0,0,0,0,0,0,0,0
281,238,15,4,None,None,None,None,246,13,10,0,0,0,120,43,36,40,0,0,0,0,0,0,0,0,0,0
282,239,15,4,None,None,None,None,241,17,10,0,0,1,123,40,36,39,1,0,0,0,0,0,0,0,0,0
283,240,15,1,None,None,None,None,249,11,9,1,0,3,121,45,33,38,1,0,0,0,0,0,0,0,0,0
284,241,15,1,None,None,None,None,244,14,9,2,0,0,126,44,32,39,1,0,0,0,0,0,0,0,0,0
285,242,15,1,None,None,None,None,249,9,6,4,0,0,119,55,33,36,0,0,0,0,0,0,0,0,0,0
286,243,15,3,None,None,None,None,243,11,7,4,0,0,122,52,31,39,0,0,0,0,0,0,0,0,0,0
287,244,15,2,None,None,None,None,247,8,6,4,0,0,119,57,32,36,1,0,0,0,0,0,0,0,0,0
288,245,15,1,None,None,None,None,250,7,5,3,0,0,122,53,34,37,0,0,0,0,0,0,0,0,0,0
289,246,15,4,None,None,None,None,247,7,2,5,0,1,129,48,31,38,0,0,0,0,0,0,0,0,0,0
290,246,15,6,None,None,None,None,244,8,2,5,0,1,130,42,33,41,0,0,0,0,0,0,0,0,0,0
291,247,15,1,None,None,None,None,245,11,2,5,0,1,131,42,34,40,0,0,0,0,0,0,0,0,0,0
292,248,15,1,None,None,None,None,245,12,1,4,0,1,132,43,32,40,1,0,0,0,0,0,0,0,0,0
293,249,15,3,None,None,None,None,241,13,1,4,0,1,133,47,27,40,2,0,0,0,0,0,0,0,0,0
294,250,15,1,None,None,None,None,242,15,1,2,0,0,136,46,24,42,3,0,0,0,0,0,0,0,0,0
295,250,15,1,None,None,None,None,239,18,0,3,0,3,135,48,22,40,3,0,0,0,0,0,0,0,0,0
296,251,15,2,None,None,None,None,236,19,0,3,0,1,133,48,26,41,3,0,0,0,0,0,0,0,0,0
297,252,15,1,None,None,None,None,242,14,0,2,0,1,134,46,28,41,3,0,0,0,0,0,0,0,0,0
298,253,15,1,None,None,None,None,238,18,0,1,0,0,134,45,29,42,4,0,0,0,0,0,0,0,0,0
299,254,15,4,None,None,None,None,235,17,0,1,0,1,136,45,26,44,3,0,0,0,0,0,0,0,0,0
300,255,15,3,None,None,None,None,240,13,0,0,0,1,142,40,27,43,3,0,0,0,0,0,0,0,0,0
301,256,15,1,None,None,None,None,233,21,0,0,0,1,140,42,28,42,3,1,0,0,0,0,0,0,0,0
302,256,15,3,None,None,None,None,229,22,1,0,0,1,142,39,28,42,4,1,0,0,0,0,0,0,0,0
303,257,15,3,None,None,None,None,225,25,1,0,0,0,141,40,31,44,2,0,0,0,0,0,0,0,0,0
304,258,15,1,None,None,None,None,227,23,2,0,0,0,140,40,31,46,2,0,0,0,0,0,0,0,0,0
305,259,15,5,None,None,None,None,222,24,2,0,0,1,139,41,32,44,2,0,0,0,0,0,0,0,0,0
306,260,15,2,None,None,None,None,218,29,2,0,0,1,141,40,32,45,2,0,0,0,0,0,0,0,0,0
307,261,15,3,None,None,None,None,213,31,3,0,0,1,137,44,34,44,2,0,0,0,0,0,0,0,0,0
308,262,15,4,None,None,None,None,206,33,6,0,0,2,135,43,38,43,2,0,0,0,0,0,0,0,0,0
309,263,15,3,None,None,None,None,205,34,6,0,0,1,137,37,44,43,2,0,0,0,0,0,0,0,0,0
310,264,15,3,None,None,None,None,207,30,7,1,0,0,140,38,39,43,4,0,0,0,0,0,0,0,0,0
311,265,15,2,None,None,None,None,213,23,7,2,0,1,137,41,36,46,4,0,0,0,0,0,0,0,0,0
312,266,15,1,None,None,None,None,209,24,9,2,0,3,135,44,40,43,2,0,0,0,0,0,0,0,0,0
313,266,15,1,None,None,None,None,205,27,10,2,0,2,144,37,39,42,3,0,0,0,0,0,0,0,0,0
314,267,15,2,None,None,None,None,202,29,9,2,0,2,148,38,32,43,5,0,0,0,0,0,0,0,0,0
315,268,15,3,None,None,None,None,197,29,11,3,0,3,142,40,35,41,8,0,0,0,0,0,0,0,0,0
316,269,15,1,None,None,None,None,194,32,12,3,0,0,146,42,33,41,8,0,0,0,0,0,0,0,0,0
317,270,15,0,None,None,None,None,190,35,13,3,0,1,146,41,27,47,9,0,0,0,0,0,0,0,0,0
318,271,15,1,None,None,None,None,186,36,15,2,0,0,157,33,25,49,8,0,0,0,0,0,0,0,0,0
319,272,15,3,None,None,None,None,185,36,13,2,0,0,161,29,24,51,8,0,0,0,0,0,0,0,0,0
320,273,15,3,None,None,None,None,186,35,13,1,0,2,162,32,21,50,7,0,0,0,0,0,0,0,0,0
321,274,15,1,None,None,None,None,182,41,10,3,0,0,168,27,25,47,8,0,0,0,0,0,0,0,0,0
322,275,15,5,None,None,None,None,179,38,10,4,0,0,165,32,25,50,4,0,0,0,0,0,0,0,0,0
323,276,15,2,None,None,None,None,187,31,12,3,0,0,170,35,21,49,2,0,0,0,0,0,0,0,0,0
324,277,15,4,None,None,None,None,185,29,13,3,0,2,169,35,20,49,3,0,0,0,0,0,0,0,0,0
325,278,15,1,None,None,None,None,191,25,13,3,0,0,170,38,18,49,4,0,0,0,0,0,0,0,0,0
326,279,15,0,None,None,None,None,190,24,14,4,0,0,172,36,21,48,3,0,0,0,0,0,0,0,0,0
327,280,15,0,None,None,None,None,192,23,12,4,0,2,165,43,18,49,4,0,0,0,0,0,0,0,0,0
328,280,15,2,None,None,None,None,188,24,11,6,0,1,164,48,18,47,3,0,0,0,0,0,0,0,0,0
329,281,15,2,None,None,None,None,184,29,9,6,0,2,165,48,19,44,4,0,0,0,0,0,0,0,0,0
330,282,15,0,None,None,None,None,191,26,5,7,0,2,163,46,25,45,2,0,0,0,0,0,0,0,0,0
331,282,15,0,None,None,None,None,193,27,3,6,0,0,171,45,21,46,0,0,0,0,0,0,0,0,0,0
332,282,15,2,None,None,None,None,189,29,3,6,0,1,167,49,21,45,0,0,0,0,0,0,0,0,0,0
333,283,15,1,None,None,None,None,195,28,1,3,0,2,165,47,24,46,0,0,0,0,0,0,0,0,0,0
334,284,15,0,None,None,None,None,194,30,0,3,0,0,169,46,23,46,1,0,0,0,0,0,0,0,0,0
335,285,15,0,None,None,None,None,192,32,0,2,0,1,170,46,22,46,1,0,0,0,0,0,0,0,0,0
336,286,15,1,None,None,None,None,192,29,0,3,0,2,171,46,20,46,2,0,0,0,0,0,0,0,0,0
337,287,15,2,None,None,None,None,193,26,0,3,0,1,173,50,17,47,0,0,0,0,0,0,0,0,0,0
338,288,15,1,None,None,None,None,189,28,1,4,0,3,171,50,18,47,0,0,0,0,0,0,0,0,0,0
339,289,15,2,None,None,None,None,183,31,1,5,0,2,171,51,18,48,0,0,0,0,0,0,0,0,0,0
340,289,15,2,None,None,None,None,181,32,2,5,0,0,171,51,18,50,0,0,0,0,0,0,0,0,0,0
341,290,15,2,None,None,None,None,178,31,3,7,0,1,173,50,17,49,1,0,0,0,0,0,0,0,0,0
342,290,15,1,None,None,None,None,176,33,4,7,0,0,176,48,16,50,1,0,0,0,0,0,0,0,0,0
343,291,15,3,None,None,None,None,177,31,4,5,0,2,173,46,21,48,2,0,0,0,0,0,0,0,0,0
344,292,15,2,None,None,None,None,177,30,6,4,0,1,180,40,21,49,2,0,0,0,0,0,0,0,0,0
345,292,15,1,None,None,None,None,178,31,7,2,0,1,177,43,22,47,3,0,0,0,0,0,0,0,0,0
346,293,15,0,None,None,None,None,177,32,7,3,0,1,179,44,20,43,6,0,0,0,0,0,0,0,0,0
347,294,15,0,None,None,None,None,171,35,8,3,0,0,180,45,18,46,6,0,0,0,0,0,0,0,0,0
348,295,15,3,None,None,None,None,169,35,6,3,0,0,179,47,17,47,6,0,0,0,0,0,0,0,0,0
349,296,15,1,None,None,None,None,171,35,5,3,0,0,179,48,17,47,6,0,0,0,0,0,0,0,0,0
350,297,15,2,None,None,None,None,170,36,3,3,0,0,187,39,23,43,6,0,0,0,0,0,0,0,0,0
351,298,15,2,None,None,None,None,168,38,3,2,0,1,191,36,20,44,7,0,0,0,0,0,0,0,0,0
352,299,15,1,None,None,None,None,169,40,1,1,0,1,194,31,23,46,5,0,0,0,0,0,0,0,0,0
353,300,15,2,None,None,None,None,164,43,0,2,0,1,200,27,24,44,5,0,0,0,0,0,0,0,0,0
354,301,16,1,None,None,None,None,164,42,1,2,0,1,200,27,22,46,6,0,0,0,0,0,0,0,0,0
355,302,16,2,None,None,None,None,165,39,2,1,0,2,198,28,27,41,7,0,0,0,0,0,0,0,0,0
356,303,16,1,None,None,None,None,164,42,1,0,0,1,198,28,26,44,7,0,0,0,0,0,0,0,0,0
357,304,16,1,None,None,None,None,163,43,0,0,0,0,201,29,29,41,5,0,0,0,0,0,0,0,0,0
358,304,16,2,None,None,None,None,158,47,0,0,0,2,196,31,29,42,5,0,0,0,0,0,0,0,0,0
359,305,16,0,None,None,None,None,159,47,0,0,0,1,195,35,34,39,2,0,0,0,0,0,0,0,0,0
360,306,16,1,None,None,None,None,154,50,0,0,0,3,194,35,34,38,3,0,0,0,0,0,0,0,0,0
361,306,15,0,None,None,None,None,155,50,0,0,0,2,191,39,32,41,2,0,0,0,0,0,0,0,0,0
362,307,15,0,None,None,None,None,156,48,0,0,0,2,193,38,33,40,2,0,0,0,0,0,0,0,0,0
363,307,16,0,None,None,None,None,162,41,1,0,0,0,200,33,33,39,3,0,0,0,0,0,0,0,0,0
364,308,16,1,None,None,None,None,165,36,1,0,0,0,196,37,29,43,4,0,0,0,0,0,0,0,0,0
365,309,16,1,None,None,None,None,164,37,0,0,0,0,198,34,27,48,3,0,0,0,0,0,0,0,0,0
366,310,16,3,None,None,None,None,163,33,2,0,0,0,194,37,28,47,5,0,0,0,0,0,0,0,0,0
367,311,16,1,None,None,None,None,167,31,1,0,0,0,196,36,25,49,6,0,0,0,0,0,0,0,0,0
368,311,16,1,None,None,None,None,164,35,0,0,0,1,194,36,25,49,7,0,0,0,0,0,0,0,0,0
369,312,16,2,None,None,None,None,163,34,0,0,0,2,191,39,26,48,7,0,0,0,0,0,0,0,0,0
370,313,16,2,None,None,None,None,163,33,0,0,0,1,191,41,27,47,7,0,0,0,0,0,0,0,0,0
371,313,16,1,None,None,None,None,164,33,0,0,0,1,189,44,28,45,7,0,0,0,0,0,0,0,0,0
372,314,16,0,None,None,None,None,164,33,0,0,0,1,191,42,27,46,8,0,0,0,0,0,0,0,0,0
373,315,16,2,None,None,None,None,162,33,0,0,0,0,198,37,25,47,8,0,0,0,0,0,0,0,0,0
374,315,16,1,None,None,None,None,161,34,0,0,0,1,196,40,21,49,9,0,0,0,0,0,0,0,0,0
375,316,16,0,None,None,None,None,160,36,0,0,0,1,198,37,24,49,7,0,0,0,0,0,0,0,0,0
376,317,16,1,None,None,None,None,157,36,0,0,0,1,199,37,27,44,10,0,0,0,0,0,0,0,0,0
377,318,16,1,None,None,None,None,156,36,0,0,0,0,197,40,25,46,10,1,0,0,0,0,0,0,0,0
378,319,16,1,None,None,None,None,155,36,0,0,0,2,196,41,23,45,10,3,0,0,0,0,0,0,0,0
379,320,16,0,None,None,None,None,148,43,0,0,0,2,199,39,24,42,11,4,0,0,0,0,0,0,0,0
380,320,16,0,None,None,None,None,145,46,0,0,0,0,206,37,23,41,12,2,0,0,0,0,0,0,0,0
381,321,16,1,None,None,None,None,151,39,0,0,0,1,204,38,24,41,12,1,0,0,0,0,0,0,0,0
382,322,16,1,None,None,None,None,147,41,0,0,0,1,212,30,24,39,14,3,0,0,0,0,0,0,0,0
383,323,16,2,None,None,None,None,150,36,0,0,0,0,216,30,26,35,14,3,0,0,0,0,0,0,0,0
384,324,16,0,None,None,None,None,153,33,1,0,0,0,220,29,27,31,15,3,0,0,0,0,0,0,0,0
385,325,16,0,None,None,None,None,151,34,1,0,0,1,223,29,27,28,15,3,0,0,0,0,0,0,0,0
386,326,16,2,None,None,None,None,148,35,0,0,0,4,221,26,31,25,17,3,0,0,0,0,0,0,0,0
387,327,16,1,317,18,319,17,146,38,0,0,0,2,216,34,32,21,18,3,1,0,0,0,0,0,0,0
388,327,16,1,317,18,320,17,141,42,0,0,0,0,217,33,36,19,17,5,1,0,0,0,0,0,0,0
389,328,16,1,316,18,319,17,142,39,1,0,0,1,214,35,35,23,17,1,3,0,0,0,0,0,0,0
390,328,16,0,316,18,319,18,145,35,3,0,0,0,214,37,33,25,16,0,4,0,0,0,0,0,0,0
391,329,16,2,315,18,320,18,141,36,3,0,0,0,216,34,33,26,15,0,6,0,0,0,0,0,0,0
392,330,16,1,314,18,324,17,138,39,3,0,0,3,215,31,32,28,13,1,8,0,0,0,0,0,0,0
393,331,16,2,313,18,325,17,139,36,3,0,0,2,222,27,28,28,12,3,10,0,0,0,0,0,0,0
394,332,16,1,312,18,325,17,132,45,1,0,0,1,224,25,29,29,11,3,11,0,0,0,0,0,0,0
395,333,16,0,312,18,325,17,131,44,3,0,0,3,221,29,29,25,13,2,12,0,0,0,0,0,0,0
396,334,16,1,311,18,326,17,131,39,6,0,0,1,219,33,29,25,12,2,14,0,0,0,0,0,0,0
397,335,16,0,310,18,327,17,133,41,2,0,0,1,221,32,26,24,15,1,16,0,0,0,0,0,0,0
398,336,16,1,309,18,326,18,136,38,0,0,0,1,225,31,21,21,20,0,18,0,0,0,0,0,0,0
399,337,16,1,308,18,336,17,137,35,1,0,0,0,229,28,24,16,20,1,20,0,0,0,0,0,0,0
400,338,16,1,307,18,337,17,140,31,1,0,0,0,226,30,23,16,21,2,21,0,0,0,0,0,0,0
401,339,16,2,306,18,337,17,141,29,0,0,0,0,222,36,22,16,19,1,24,0,0,0,0,0,0,0
402,339,16,0,305,18,338,17,144,28,0,0,0,3,215,36,23,16,18,4,25,0,0,0,0,0,0,0
403,340,16,0,304,19,339,17,137,34,0,0,0,1,215,42,20,14,19,4,24,2,0,0,0,0,0,0
404,341,16,2,303,19,339,17,140,28,0,0,0,2,212,45,19,15,18,3,26,2,0,0,0,0,0,0
405,342,16,2,302,19,339,17,143,24,0,0,0,1,208,50,20,15,16,3,27,3,0,0,0,0,0,0
406,343,16,0,301,19,339,17,146,22,0,0,0,0,211,49,20,13,16,3,26,6,0,0,0,0,0,0
407,343,16,0,300,19,338,17,144,24,0,0,0,1,212,48,18,13,17,1,25,9,0,0,0,0,0,0
408,344,16,2,299,19,339,17,145,20,1,0,0,0,212,47,16,13,17,3,25,11,0,0,0,0,0,0
409,345,16,0,298,19,338,17,147,19,0,0,0,2,209,49,14,12,19,4,26,11,0,0,0,0,0,0
410,346,16,0,297,19,338,17,146,19,0,0,0,0,214,45,15,10,20,3,26,14,0,0,0,0,0,0
411,347,16,0,296,19,338,17,147,17,0,0,0,1,212,45,16,7,22,3,26,16,0,0,0,0,0,0
412,348,16,0,295,19,338,18,142,21,0,0,0,1,214,43,17,7,21,3,26,17,0,0,0,0,0,0
413,348,16,1,267,18,339,18,138,23,1,0,0,2,213,42,17,9,16,3,28,19,0,0,0,0,0,0
414,349,16,2,268,18,340,18,147,12,1,0,0,1,218,37,17,9,16,4,28,20,0,0,0,0,0,0
415,349,16,1,267,18,341,18,146,15,0,0,0,2,217,37,15,11,14,1,31,22,0,0,0,0,0,0
416,349,16,2,266,18,342,18,148,12,0,0,0,0,227,29,15,8,14,0,34,23,0,0,0,0,0,0
417,349,16,3,265,18,343,18,147,12,0,0,0,2,224,31,14,5,13,0,37,24,0,0,0,0,0,0
418,350,16,2,264,18,343,18,143,16,0,0,0,1,231,27,13,5,11,0,39,24,0,0,0,0,0,0
419,351,16,2,263,18,344,18,139,19,0,0,0,2,234,25,8,6,10,0,42,25,0,0,0,0,0,0
420,352,16,2,262,18,345,18,133,24,0,0,0,2,233,27,6,5,9,0,46,25,0,0,0,0,0,0
421,353,16,0,261,18,346,18,137,20,1,0,0,3,228,30,3,6,9,1,48,26,0,0,0,0,0,0
422,354,16,0,261,18,347,18,134,21,2,0,0,0,228,33,3,5,8,0,53,25,0,0,0,0,0,0
423,355,16,0,261,18,348,18,134,22,1,0,0,0,224,37,1,4,8,0,54,27,0,0,0,0,0,0
424,355,16,1,260,18,349,18,133,22,0,0,0,2,217,41,0,3,8,1,58,26,0,0,0,0,0,0
425,356,16,1,259,18,350,18,128,26,0,0,0,1,209,48,1,3,7,0,61,27,0,0,0,0,0,0
426,357,16,2,258,18,351,18,131,21,0,0,0,2,209,45,2,2,6,0,66,26,0,0,0,0,0,0
427,358,16,1,257,18,352,18,131,21,0,0,0,0,212,42,3,0,7,0,68,27,0,0,0,0,0,0
428,358,16,2,256,18,352,18,128,23,0,0,0,2,211,41,2,0,6,0,70,27,0,0,0,0,0,0
429,359,16,1,255,18,353,18,128,23,0,0,0,2,212,39,2,0,6,1,73,25,0,0,0,0,0,0
430,360,16,1,254,18,354,18,128,22,0,0,0,0,212,42,0,0,6,1,78,22,0,0,0,0,0,0
431,361,16,2,253,18,354,18,125,23,0,0,0,1,209,44,0,0,7,1,78,22,0,0,0,0,0,0
432,362,16,0,252,18,355,18,126,22,1,0,0,1,205,46,0,0,7,1,84,19,0,0,0,0,0,0
433,363,16,0,251,18,356,18,123,24,1,0,0,1,204,46,0,0,7,0,89,17,0,0,0,0,0,0
434,363,16,1,250,18,357,18,125,22,0,0,0,1,203,46,0,0,6,1,94,13,0,0,0,0,0,0
435,364,16,2,249,18,358,18,122,22,1,0,0,1,199,49,0,0,6,1,96,13,0,0,0,0,0,0
436,364,16,0,248,18,359,18,120,26,1,0,0,3,197,48,0,0,5,0,99,13,0,0,0,0,0,0
437,365,16,0,247,18,359,18,119,28,0,0,0,2,198,47,0,0,5,1,100,12,0,0,0,0,0,0
438,365,16,0,246,18,360,18,123,23,0,0,0,0,195,51,0,0,5,1,101,12,1,0,0,0,0,0
439,366,16,0,245,18,361,18,129,15,1,0,0,1,192,52,0,0,5,1,102,14,0,0,0,0,0,0
440,367,16,0,245,18,362,18,129,14,1,0,0,0,195,48,2,0,5,2,101,15,0,0,0,0,0,0
441,367,16,2,245,18,363,18,123,18,1,0,0,4,189,48,4,0,4,2,101,16,0,0,0,0,0,0
442,368,16,1,244,18,364,18,123,18,1,0,0,2,192,46,4,0,4,0,104,17,0,0,0,0,0,0
443,369,16,1,243,18,365,18,124,17,0,0,0,0,192,47,4,0,4,3,106,14,0,0,0,0,0,0
444,369,16,1,242,18,366,18,122,19,0,0,0,0,190,50,2,0,3,0,109,16,0,0,0,0,0,0
445,370,16,0,242,18,367,18,121,20,0,0,0,0,187,54,0,1,3,0,110,16,0,0,0,0,0,0
446,371,16,0,241,18,368,18,121,18,1,0,0,1,179,60,0,1,3,1,112,15,0,0,0,0,0,0
447,371,16,1,241,18,369,18,121,17,1,0,0,1,177,62,0,1,2,0,116,13,0,0,0,0,0,0
448,371,16,0,240,18,370,18,124,15,1,0,0,2,176,61,0,1,1,0,119,12,0,0,0,0,0,0
449,372,16,0,239,18,371,18,121,18,0,0,0,1,170,66,0,2,1,2,120,11,0,0,0,0,0,0
450,373,16,1,238,18,372,18,117,20,0,0,0,0,168,68,1,1,1,1,123,11,0,0,0,0,0,0
451,374,16,4,238,18,373,18,110,23,0,0,0,0,169,69,0,0,1,1,125,10,0,0,0,0,0,0
452,375,16,3,237,18,374,18,114,19,0,0,0,0,167,68,2,0,1,3,122,13,0,0,0,0,0,0
453,376,16,0,236,18,375,18,119,16,0,0,0,5,167,64,0,0,1,1,129,9,1,0,0,0,0,0
454,377,16,0,235,18,376,18,115,19,0,0,0,1,169,64,1,0,1,1,133,7,1,0,0,0,0,0
455,378,16,0,234,18,377,18,114,19,0,0,0,0,163,70,1,0,1,0,135,9,0,0,0,0,0,0
456,379,16,0,233,18,378,18,116,16,0,0,0,2,161,69,1,0,1,0,136,10,0,0,0,0,0,0
457,380,16,0,232,18,379,18,117,14,0,0,0,0,164,69,0,0,1,0,138,9,0,0,0,0,0,0
458,381,16,0,231,18,380,18,113,17,0,0,0,1,160,70,1,0,1,1,139,9,0,0,0,0,0,0
459,382,16,1,230,18,381,18,113,15,0,0,0,0,160,67,3,0,1,2,143,7,0,0,0,0,0,0
460,383,16,1,229,18,382,18,114,13,0,0,0,0,161,67,1,0,1,1,147,6,0,0,0,0,0,0
461,384,16,1,229,18,383,18,116,10,0,0,0,1,158,70,0,0,1,1,146,8,0,0,0,0,0,0
462,385,16,1,228,18,384,18,116,9,0,0,0,1,159,68,0,0,1,1,145,11,0,0,0,0,0,0
463,385,18,1,227,18,385,18,115,10,0,0,0,2,159,66,0,0,0,2,145,12,0,0,0,0,0,0
464,386,18,4,226,18,386,18,111,10,0,0,0,3,156,65,2,0,0,0,145,15,1,0,0,0,0,0
465,387,18,1,225,18,387,18,112,11,0,0,0,0,159,63,3,0,0,0,146,16,1,0,0,0,0,0
466,388,18,1,224,18,388,18,110,12,0,0,0,0,153,68,3,0,0,1,146,17,1,0,0,0,0,0
467,389,18,2,223,18,389,18,111,9,0,0,0,2,151,65,5,0,0,0,147,20,0,0,0,0,0,0
468,390,18,4,222,18,390,18,108,9,0,0,0,2,157,59,4,0,0,1,148,20,0,0,0,0,0,0
469,391,18,1,221,18,391,18,109,10,0,0,0,0,158,62,1,0,0,0,154,17,0,0,0,0,0,0
470,392,18,0,220,18,392,18,107,12,0,0,0,2,160,57,1,0,0,2,154,17,0,0,0,0,0,0
471,393,18,0,220,19,393,18,105,13,0,0,0,1,167,52,0,0,0,1,158,15,0,0,0,0,0,0
472,394,18,3,219,19,394,18,101,13,0,0,0,4,164,51,0,0,0,1,158,17,0,0,0,0,0,0
473,395,18,3,218,19,395,18,100,13,0,0,0,0,169,49,0,0,0,2,155,21,0,0,0,0,0,0
474,396,18,0,217,19,396,18,100,15,0,0,0,1,168,48,0,0,0,1,155,24,0,0,0,0,0,0
475,397,18,1,217,19,397,18,93,20,0,0,0,1,171,45,0,0,0,1,156,24,0,0,0,0,0,0
476,398,18,0,216,19,398,18,93,20,0,0,0,2,170,44,0,0,0,1,154,27,1,0,0,0,0,0
477,399,18,2,215,19,399,18,95,15,0,0,0,1,176,37,1,0,0,0,155,29,1,0,0,0,0,0
478,400,18,0,214,19,400,18,99,12,0,0,0,2,174,36,2,0,0,1,157,28,1,0,0,0,0,0
479,401,18,2,213,19,401,18,95,13,0,0,0,0,174,37,2,0,0,1,159,28,1,0,0,0,0,0
480,402,18,1,212,19,402,18,97,11,0,0,0,1,166,43,2,0,0,1,159,30,1,0,0,0,0,0
481,403,18,0,211,19,403,18,96,12,0,0,0,1,163,46,1,0,0,1,159,33,0,0,0,0,0,0
482,404,18,0,211,19,404,18,94,12,1,0,0,0,165,45,1,0,0,1,165,28,0,0,0,0,0,0
483,405,18,0,210,19,405,18,91,14,1,0,0,4,159,46,1,0,0,1,162,32,1,0,0,0,0,0
484,406,18,1,209,19,406,18,86,16,2,0,0,1,155,52,1,0,0,0,163,34,1,0,0,0,0,0
485,407,19,0,208,19,407,19,91,11,2,0,0,0,154,54,0,0,0,4,163,32,1,0,0,0,0,0
486,408,19,0,208,19,408,19,93,10,0,0,0,4,154,50,0,0,0,2,163,34,2,0,0,0,0,0
487,409,19,1,207,19,409,19,89,12,0,0,0,1,152,54,0,0,0,2,160,38,3,0,0,0,0,0
488,410,19,1,206,19,410,19,86,14,0,0,0,3,152,51,0,0,0,2,167,35,1,0,0,0,0,0
489,411,19,2,206,19,411,19,83,13,2,0,0,0,156,49,1,0,0,1,167,36,2,0,0,0,0,0
490,412,19,1,207,19,412,19,85,10,3,0,0,3,152,50,2,0,0,3,160,41,2,0,0,0,0,0
491,413,19,2,206,19,413,19,79,12,5,0,0,2,151,50,3,0,0,3,160,41,4,0,0,0,0,0
492,414,19,3,206,19,414,19,74,15,5,0,0,1,151,52,2,0,0,0,165,40,4,0,0,0,0,0
493,415,19,1,206,19,415,19,74,16,5,0,0,1,155,50,0,0,0,0,164,44,2,0,0,0,0,0
494,416,19,1,205,19,416,19,74,17,3,0,0,1,160,43,1,0,0,1,159,51,1,0,0,0,0,0
495,417,19,0,204,19,417,19,78,14,2,0,0,1,164,38,1,0,0,0,162,51,1,0,0,0,0,0
496,418,19,0,203,19,418,19,78,14,1,0,0,1,159,43,0,0,0,3,158,55,0,0,0,0,0,0
497,419,19,1,202,19,419,19,78,10,3,0,0,2,157,43,0,0,0,1,162,55,0,0,0,0,0,0
498,420,19,1,201,19,420,19,75,13,2,0,0,0,157,44,0,0,0,1,166,53,0,0,0,0,0,0
499,421,19,2,200,19,421,19,73,13,2,0,0,1,158,40,1,0,0,1,168,53,0,0,0,0,0,0
500,422,19,0,199,19,422,19,75,10,4,0,0,3,157,39,0,0,0,0,166,56,2,0,0,0,0,0
501,423,19,2,198,19,423,19,74,8,4,0,0,1,155,42,0,0,0,1,167,54,4,0,0,0,0,0
502,424,19,3,197,19,424,19,79,3,2,0,0,2,153,42,0,0,0,3,169,51,4,1,0,0,0,0
503,425,19,1,196,19,425,19,79,4,2,0,0,0,153,43,0,0,0,1,166,58,4,1,0,0,0,0
504,426,19,1,195,19,426,19,78,5,1,0,0,1,152,42,0,0,0,0,163,67,2,0,0,0,0,0
505,427,19,0,194,19,427,19,76,7,1,0,0,1,144,49,0,0,0,1,158,72,3,0,0,0,0,0
506,428,19,1,193,20,428,19,74,8,0,0,0,1,141,51,0,0,0,0,161,71,4,0,0,0,0,0
507,429,19,0,192,20,429,19,74,8,0,0,0,1,138,52,1,0,0,3,159,72,3,1,0,0,0,0
508,430,19,0,191,20,430,19,72,9,0,0,0,0,144,46,1,0,0,0,160,78,2,0,0,0,0,0
509,431,19,0,190,20,431,19,69,11,0,0,0,1,144,43,2,0,0,1,157,80,4,0,0,0,0,0
510,432,19,1,189,20,432,19,66,12,0,0,0,1,148,41,0,0,0,1,156,79,6,1,0,0,0,0
511,433,19,0,188,20,433,19,66,12,0,0,0,0,147,39,2,0,0,0,157,81,8,0,0,0,0,0
512,434,19,0,187,20,434,19,64,13,0,0,0,2,145,38,2,0,0,0,156,84,8,0,0,0,0,0
513,435,19,0,186,20,435,19,60,15,1,0,0,0,149,35,2,0,0,0,155,82,13,0,0,0,0,0
514,436,19,1,185,20,436,19,61,12,1,0,0,1,149,32,3,0,0,0,154,82,16,0,0,0,0,0
515,437,19,1,184,20,437,19,63,10,0,0,0,2,143,38,1,0,0,1,154,84,15,0,0,0,0,0
516,438,19,0,183,20,438,19,66,7,0,0,0,1,143,37,2,0,0,2,158,80,15,1,0,0,0,0
517,439,19,0,184,20,439,19,66,6,0,0,0,1,146,35,2,0,0,1,157,84,14,0,0,0,0,0
518,440,19,0,183,20,440,19,66,5,0,0,0,2,142,38,1,0,0,0,160,87,11,0,0,0,0,0
519,441,19,0,183,20,441,19,66,4,0,0,0,3,135,43,2,0,0,1,158,88,12,0,0,0,0,0
520,442,19,0,182,20,442,19,65,4,0,0,0,0,141,40,1,0,0,1,156,89,15,0,0,0,0,0
521,443,19,1,181,20,443,19,62,5,0,0,0,0,139,41,1,0,0,0,162,83,17,1,0,0,0,0
522,444,19,0,181,20,444,19,62,5,0,0,0,0,138,42,1,0,0,2,165,82,14,1,0,0,0,0
523,445,19,0,180,20,445,19,60,6,0,0,0,0,138,41,1,0,0,3,161,83,17,2,0,0,0,0
524,446,19,0,179,20,446,19,60,5,0,0,0,1,135,43,0,0,0,1,165,84,17,1,0,0,0,0
525,447,19,0,178,20,447,19,59,5,0,0,0,1,138,39,0,0,0,1,165,83,20,1,0,0,0,0
526,448,19,0,178,20,448,19,57,6,0,0,0,0,141,37,0,0,0,1,164,85,19,2,0,0,0,0
527,449,19,0,178,20,449,19,56,6,0,0,0,1,140,37,0,0,0,1,167,85,16,3,0,0,0,0
528,450,19,0,177,20,450,19,53,8,0,0,0,0,135,42,0,0,0,1,169,86,13,5,0,0,0,0
529,451,19,0,176,20,451,19,50,10,0,0,0,1,138,37,0,0,0,0,168,87,14,7,0,0,0,0
530,452,19,0,175,20,452,19,48,10,1,0,0,1,140,34,0,0,0,0,172,84,16,6,0,0,0,0
531,453,19,1,174,20,453,19,44,13,0,0,0,0,144,30,0,0,0,3,174,78,18,7,0,0,0,0
532,454,19,0,173,20,454,19,44,12,1,0,0,2,145,26,0,0,0,3,174,80,19,6,0,0,0,0
533,455,19,0,172,20,455,19,43,11,2,0,0,1,148,23,0,0,0,1,173,84,21,5,0,0,0,0
534,456,19,1,171,20,456,19,39,14,1,0,0,2,146,23,0,0,0,1,178,78,25,4,0,0,0,0
535,457,19,0,171,20,457,19,42,10,2,0,0,0,148,23,0,0,0,0,173,85,26,3,0,0,0,0
536,458,19,1,170,20,458,19,38,11,3,0,0,2,143,26,0,0,0,1,176,83,26,2,0,0,0,0
537,459,19,1,169,20,459,19,36,11,4,0,0,3,140,27,0,0,0,0,179,78,31,2,0,0,0,0
538,460,19,1,168,20,460,19,39,8,2,1,0,0,147,22,0,0,0,1,181,78,31,1,0,0,0,0
539,461,19,1,167,20,461,19,38,9,2,0,0,0,150,17,0,0,0,3,183,72,36,1,0,0,0,0
540,462,19,0,166,20,462,19,40,7,2,0,0,3,143,19,1,0,0,0,191,64,41,1,0,0,0,0
541,463,19,1,165,20,463,19,40,5,2,0,0,0,145,20,0,0,0,0,201,56,42,0,0,0,0,0
542,464,20,1,164,20,464,20,39,6,1,0,0,0,143,21,0,0,0,0,205,52,44,0,0,0,0,0
543,465,20,0,164,20,465,20,39,5,2,0,0,0,145,19,0,0,0,1,204,54,43,0,0,0,0,0
544,466,20,0,163,20,466,20,39,4,2,0,0,2,143,19,0,0,0,3,206,52,40,2,0,0,0,0
545,467,20,1,162,20,467,20,36,6,1,0,0,0,142,22,0,0,0,1,213,48,38,4,0,0,0,0
546,468,20,2,161,20,468,20,35,5,1,0,0,1,141,19,0,0,0,4,209,50,40,5,0,0,0,0
547,469,20,0,160,20,469,20,37,4,1,0,0,1,143,16,0,0,0,0,214,49,39,8,0,0,0,0
548,470,20,0,159,20,470,20,36,4,1,0,0,1,142,15,1,0,0,2,211,52,39,8,0,0,0,0
549,471,20,0,158,19,471,20,34,4,2,0,0,1,142,15,0,0,0,0,216,49,38,11,0,0,0,0
550,472,20,0,158,19,472,20,31,5,3,0,0,0,142,16,0,0,0,1,216,51,37,10,0,0,0,0
551,473,20,0,157,19,473,20,30,6,2,0,0,1,143,13,0,0,0,0,215,54,39,9,0,0,0,0
552,474,20,0,156,19,474,20,32,4,1,0,0,0,143,13,0,0,0,5,213,56,36,9,0,0,0,0
553,475,20,0,155,19,475,20,31,6,0,0,0,0,147,9,0,0,0,4,222,48,36,9,0,0,0,0
554,476,20,0,154,19,476,20,30,5,0,0,0,0,142,13,0,0,0,1,230,40,40,11,0,0,0,0
555,477,20,1,153,19,477,20,29,4,0,0,0,4,138,11,0,0,0,0,227,40,48,10,0,0,0,0
556,478,20,1,152,19,478,20,29,3,0,0,0,1,140,11,0,0,0,1,225,43,46,12,0,0,0,0
557,479,20,0,151,19,479,20,30,2,0,0,0,0,140,11,0,0,0,1,221,48,45,14,0,0,0,0
558,480,20,0,151,19,480,20,29,2,0,0,0,1,139,11,0,0,0,0,220,49,46,15,0,0,0,0
559,481,20,0,150,19,481,20,27,2,1,0,0,0,137,13,0,0,0,2,222,44,52,12,0,0,0,0
560,482,20,0,149,19,482,20,27,1,1,0,0,1,132,16,0,0,0,1,220,47,55,11,0,0,0,0
561,483,20,0,148,19,483,20,27,0,1,0,0,0,135,13,0,0,0,1,225,48,52,10,0,0,0,0
562,484,20,0,147,19,484,20,24,1,2,0,0,1,133,13,0,0,0,1,224,51,53,9,0,0,0,0
563,485,20,0,146,19,485,20,24,1,1,0,0,3,135,9,0,0,0,2,221,52,57,7,0,0,0,0
564,486,20,0,145,19,486,20,24,1,0,0,0,3,133,10,0,0,0,1,224,53,56,7,0,0,0,0
565,487,20,1,144,19,487,20,23,0,0,0,0,0,135,9,0,0,0,1,228,50,59,6,0,0,0,0
566,488,20,0,143,19,488,20,23,0,0,0,0,1,137,5,0,0,0,2,230,46,62,6,0,0,0,0
567,489,20,1,142,19,489,20,21,0,0,0,0,1,134,7,0,0,0,4,222,53,63,6,0,0,0,0
568,490,20,0,141,19,490,20,22,0,0,0,0,2,131,8,0,0,0,2,221,56,63,7,0,0,0,0
569,491,20,0,140,19,491,20,20,0,0,0,0,0,129,11,0,0,0,0,222,64,59,7,0,0,0,0
570,492,20,0,139,19,492,20,19,0,0,0,0,1,127,11,0,0,0,2,221,63,61,7,0,0,0,0
571,493,20,0,138,19,493,20,18,0,0,0,0,0,127,11,0,0,0,2,223,67,57,7,0,0,0,0
572,494,20,0,137,19,494,20,17,0,0,0,0,1,124,12,0,0,0,1,225,71,57,4,0,0,0,0
573,495,20,0,136,19,495,20,16,0,0,0,0,0,124,12,0,0,0,0,224,70,57,9,0,0,0,0
574,496,20,0,135,19,496,20,15,0,0,0,0,1,121,13,0,0,0,2,225,71,52,12,0,0,0,0
575,497,20,0,134,19,497,20,14,0,0,0,0,0,118,16,0,0,0,1,228,71,53,11,0,0,0,0
576,498,20,0,133,19,498,20,13,0,0,0,0,0,114,19,0,0,0,1,226,74,53,12,0,0,0,0
577,499,20,0,132,19,499,20,12,0,0,0,0,1,109,22,0,0,0,2,219,83,58,6,0,0,0,0
578,500,20,0,131,19,500,20,11,0,0,0,0,0,108,23,0,0,0,1,215,84,63,7,0,0,0,0
579,501,20,0,130,19,501,20,10,0,0,0,0,0,107,23,1,0,0,1,208,89,65,8,0,0,0,0
580,502,20,0,130,19,502,20,9,0,0,0,0,3,102,23,2,0,0,3,204,89,66,11,0,0,0,0
581,503,20,0,129,19,503,20,8,0,0,0,0,0,108,20,2,0,0,2,207,88,68,9,0,0,0,0
582,504,20,0,128,19,504,20,7,0,0,0,0,0,106,18,4,0,0,2,210,83,73,9,0,0,0,0
583,505,20,0,127,19,505,20,6,0,0,0,0,0,109,16,2,0,0,5,203,92,69,10,0,0,0,0
584,506,20,0,126,19,506,20,5,0,0,0,0,3,101,19,3,0,0,0,204,99,69,9,0,0,0,0
585,507,20,0,126,19,507,20,4,0,0,0,0,2,105,15,4,0,0,0,206,97,70,9,0,0,0,0
586,508,20,0,126,19,508,20,3,0,0,0,0,0,107,15,4,0,0,2,214,85,73,9,0,0,0,0
587,509,20,0,125,19,509,20,2,0,0,0,0,0,103,16,6,0,0,3,217,85,68,12,0,0,0,0
588,510,20,0,124,19,510,20,1,0,0,0,0,1,102,14,7,0,0,2,212,93,67,13,0,0,0,0
589,511,20,0,123,19,511,20,0,0,0,0,0,2,103,13,5,0,0,1,221,91,64,12,0,0,0,0
590,511,20,0,122,19,511,20,0,0,0,0,0,0,107,11,4,0,0,3,224,88,58,17,0,0,0,0
591,511,20,0,121,19,511,20,0,0,0,0,0,0,104,12,5,0,0,1,226,82,64,18,0,0,0,0
592,511,20,0,121,19,511,20,0,0,0,0,0,1,101,15,4,0,0,2,221,86,66,16,0,0,0,0
593,511,20,0,120,19,511,20,0,0,0,0,0,1,95,20,4,0,0,2,222,87,62,19,0,0,0,0
594,511,20,0,119,19,511,20,0,0,0,0,0,2,94,20,3,0,0,0,228,84,64,17,0,0,0,0
595,511,20,0,118,19,511,20,0,0,0,0,0,1,94,21,2,0,0,0,235,77,63,19,0,0,0,0
596,511,20,0,118,19,511,20,0,0,0,0,0,1,93,23,1,0,0,0,236,80,62,16,0,0,0,0
597,511,20,0,117,18,511,20,0,0,0,0,0,1,91,24,1,0,0,2,241,78,61,13,0,0,0,0
598,511,20,0,116,18,511,20,0,0,0,0,0,0,86,28,2,0,0,3,240,87,54,12,0,0,0,0
599,511,20,0,115,18,511,20,0,0,0,0,0,0,83,30,2,0,0,1,244,88,51,13,0,0,0,0
600,511,20,0,114,18,511,20,0,0,0,0,0,0,88,26,0,0,0,0,254,85,47,12,0,0,0,0
601,511,21,0,113,18,511,21,0,0,0,0,0,0,87,26,0,0,0,0,262,84,43,10,0,0,0,0
602,511,20,0,113,18,511,20,0,0,0,0,0,0,87,26,0,0,0,0,264,80,44,11,0,0,0,0
603,511,20,0,112,18,511,20,0,0,0,0,0,2,81,29,0,0,0,0,275,71,45,9,0,0,0,0
604,511,20,0,112,18,511,20,0,0,0,0,0,1,82,29,0,0,0,0,279,64,43,14,0,0,0,0
605,511,20,0,111,18,511,20,0,0,0,0,0,1,78,32,0,0,0,0,271,71,46,13,0,0,0,0
606,511,21,0,110,18,511,21,0,0,0,0,0,0,81,30,0,0,0,7,262,73,45,13,1,0,0,0
607,511,21,0,109,18,511,21,0,0,0,0,0,0,76,33,0,0,0,3,266,75,43,15,1,0,0,0
608,511,22,0,108,18,511,22,0,0,0,0,0,0,78,30,0,0,0,3,264,81,41,13,1,1,0,0
609,511,23,0,107,18,511,23,0,0,0,0,0,0,76,31,0,0,0,1,267,82,41,12,0,2,0,0
610,511,20,0,106,18,511,20,0,0,0,0,0,0,74,32,0,0,0,1,266,80,46,12,0,1,0,0
611,511,23,0,105,18,511,23,0,0,0,0,0,1,73,30,1,0,0,2,273,78,40,12,0,2,0,0
612,511,23,0,105,18,511,23,0,0,0,0,0,1,74,29,1,0,0,2,278,80,36,8,1,2,0,0
613,511,20,0,104,18,511,20,0,0,0,0,0,1,71,31,1,0,0,1,281,78,39,8,0,1,0,0
614,511,23,0,103,18,511,23,0,0,0,0,0,1,75,25,2,0,0,0,293,68,40,7,0,1,0,0
615,511,20,0,102,18,511,20,0,0,0,0,0,1,73,24,4,0,0,1,292,67,42,7,1,0,0,0
616,511,20,0,101,18,511,20,0,0,0,0,0,0,74,21,6,0,0,2,303,64,37,5,0,0,0,0
617,511,20,0,101,18,511,20,0,0,0,0,0,1,72,21,6,1,0,1,305,66,35,4,0,0,0,0
618,511,20,0,100,18,511,20,0,0,0,0,0,0,76,18,5,1,0,2,301,67,38,4,0,0,0,0
619,511,20,0,100,18,511,20,0,0,0,0,0,0,76,17,7,0,0,4,298,66,39,5,0,0,0,0
620,511,20,0,99,18,511,20,0,0,0,0,0,0,72,19,8,0,0,2,302,65,39,5,0,0,0,0
621,511,20,0,98,18,511,20,0,0,0,0,0,0,72,21,5,0,0,1,310,61,38,4,0,0,0,0
622,511,20,0,97,18,511,20,0,0,0,0,0,0,70,22,5,0,0,1,315,62,33,4,0,0,0,0
623,511,20,0,96,18,511,20,0,0,0,0,0,1,69,24,3,0,0,2,316,62,31,4,0,0,0,0
624,511,20,0,95,18,511,20,0,0,0,0,0,1,68,23,3,0,0,1,325,58,29,4,0,0,0,0
625,511,20,0,95,18,511,20,0,0,0,0,0,0,71,21,3,0,0,5,318,63,27,4,0,0,0,0
626,511,20,0,94,18,511,20,0,0,0,0,0,0,71,22,1,0,0,1,323,66,23,5,0,0,0,0
627,511,20,0,93,18,511,20,0,0,0,0,0,0,71,20,2,0,0,1,324,69,20,5,0,0,0,0
628,511,20,0,92,18,511,20,0,0,0,0,0,0,70,17,5,0,0,3,322,73,18,4,0,0,0,0
629,511,20,0,92,18,511,20,0,0,0,0,0,1,73,12,6,0,0,3,335,62,18,2,0,0,0,0
630,511,19,0,91,18,511,19,0,0,0,0,0,0,74,11,6,0,0,0,333,71,15,2,0,0,0,0
631,511,19,0,90,18,511,19,0,0,0,0,0,1,71,14,4,0,0,1,332,70,17,2,0,0,0,0
632,511,19,0,89,18,511,19,0,0,0,0,0,0,70,17,2,0,0,1,335,69,16,2,0,0,0,0
633,511,19,0,88,18,511,19,0,0,0,0,0,1,69,18,0,0,0,3,341,63,17,0,0,0,0,0
634,511,19,0,87,18,511,19,0,0,0,0,0,0,70,17,0,0,0,0,338,69,18,0,0,0,0,0
635,511,18,0,86,18,511,18,0,0,0,0,0,0,73,14,0,0,0,1,340,69,15,0,0,0,0,0
636,511,18,0,85,18,511,18,0,0,0,0,0,1,67,17,0,0,0,1,346,64,16,0,0,0,0,0
637,511,18,0,84,18,511,18,0,0,0,0,0,0,64,20,0,0,0,0,348,62,18,0,0,0,0,0
638,511,18,0,83,18,511,18,0,0,0,0,0,0,63,20,0,0,0,4,343,62,20,0,0,0,0,0
639,511,18,0,82,18,511,18,0,0,0,0,0,0,66,15,1,0,0,2,340,70,18,0,0,0,0,0
640,511,18,0,82,18,511,18,0,0,0,0,0,0,70,11,1,0,0,1,335,73,21,0,0,0,0,0
641,511,18,0,81,18,511,18,0,0,0,0,0,1,70,9,1,0,0,1,336,72,22,0,0,0,0,0
642,511,18,0,80,18,511,18,0,0,0,0,0,0,72,8,0,0,0,4,344,64,20,0,0,0,0,0
643,511,18,0,79,18,511,18,0,0,0,0,0,1,70,8,0,0,0,2,345,64,22,0,0,0,0,0
644,511,18,0,78,18,511,18,0,0,0,0,0,2,68,8,0,0,0,3,345,63,23,0,0,0,0,0
645,511,18,0,77,18,511,18,0,0,0,0,0,0,67,10,0,0,0,4,343,63,23,2,0,0,0,0
646,511,18,0,77,18,511,18,0,0,0,0,0,0,67,10,0,0,0,4,342,61,25,3,0,0,0,0
647,511,18,0,76,18,511,18,0,0,0,0,0,0,65,11,0,0,0,4,343,63,22,4,0,0,0,0
648,511,18,0,75,18,511,18,0,0,0,0,0,0,62,13,0,0,0,1,346,64,20,6,0,0,0,0
649,511,18,0,74,18,511,18,0,0,0,0,0,1,62,11,0,0,0,2,347,67,17,5,0,0,0,0
650,511,18,0,73,18,511,18,0,0,0,0,0,1,61,11,0,0,0,2,346,69,17,5,0,0,0,0
651,511,19,0,72,18,511,19,0,0,0,0,0,0,61,11,0,0,0,6,345,70,17,2,0,0,0,0
652,511,19,0,71,18,511,19,0,0,0,0,0,1,59,11,0,0,0,0,351,72,16,2,0,0,0,0
653,511,19,0,70,18,511,19,0,0,0,0,0,0,60,10,0,0,0,6,348,70,17,1,0,0,0,0
654,511,19,0,70,18,511,19,0,0,0,0,0,0,58,12,0,0,0,3,353,66,19,1,0,0,0,0
655,511,19,0,70,18,511,19,0,0,0,0,0,0,58,12,0,0,0,0,355,69,17,1,0,0,0,0
656,511,19,0,69,18,511,19,0,0,0,0,0,0,56,13,0,0,0,1,356,69,15,2,0,0,0,0
657,511,19,0,68,18,511,19,0,0,0,0,0,0,55,13,0,0,0,5,356,69,14,0,0,0,0,0
658,511,19,0,68,18,511,19,0,0,0,0,0,1,54,13,0,0,0,0,358,71,15,0,0,0,0,0
659,511,19,0,67,18,511,19,0,0,0,0,0,0,51,16,0,0,0,1,360,70,14,0,0,0,0,0
660,511,19,0,66,18,511,19,0,0,0,0,0,0,47,19,0,0,0,3,359,71,13,0,0,0,0,0
661,511,19,0,65,18,511,19,0,0,0,0,0,0,45,20,0,0,0,2,364,71,10,0,0,0,0,0
662,511,19,0,64,18,511,19,0,0,0,0,0,0,44,20,0,0,0,5,368,69,6,0,0,0,0,0
663,511,19,0,63,18,511,19,0,0,0,0,0,0,42,21,0,0,0,4,367,69,9,0,0,0,0,0
664,511,19,0,62,18,511,19,0,0,0,0,0,0,41,21,0,0,0,0,368,73,9,0,0,0,0,0
665,511,19,0,61,18,511,19,0,0,0,0,0,0,42,19,0,0,0,4,370,70,7,0,0,0,0,0
666,511,19,0,60,18,511,19,0,0,0,0,0,0,45,15,0,0,0,2,371,72,7,0,0,0,0,0
667,511,19,0,59,18,511,19,0,0,0,0,0,1,43,15,0,0,0,4,363,79,7,0,0,0,0,0
668,511,19,0,59,18,511,19,0,0,0,0,0,0,40,19,0,0,0,6,365,76,6,0,0,0,0,0
669,511,19,0,58,18,511,19,0,0,0,0,0,1,35,22,0,0,0,1,369,78,6,0,0,0,0,0
670,511,19,0,57,18,511,19,0,0,0,0,0,0,35,22,0,0,0,4,364,81,6,0,0,0,0,0
671,511,19,0,56,18,511,19,0,0,0,0,0,2,33,20,1,0,0,4,371,78,3,0,0,0,0,0
672,511,19,0,55,18,511,19,0,0,0,0,0,0,35,20,0,0,0,2,377,75,3,0,0,0,0,0
673,511,19,0,54,18,511,19,0,0,0,0,0,0,35,19,0,0,0,4,377,73,3,1,0,0,0,0
674,511,19,0,54,18,511,19,0,0,0,0,0,0,35,19,0,0,0,2,388,63,4,1,0,0,0,0
675,511,19,0,53,18,511,19,0,0,0,0,0,2,30,21,0,0,0,0,396,60,3,0,0,0,0,0
676,511,19,0,52,18,511,19,0,0,0,0,0,1,30,21,0,0,0,1,403,55,1,0,0,0,0,0
677,511,19,0,51,18,511,19,0,0,0,0,0,0,31,20,0,0,0,1,400,59,1,0,0,0,0,0
678,511,19,0,50,18,511,19,0,0,0,0,0,1,28,21,0,0,0,3,402,54,3,0,0,0,0,0
679,511,19,0,50,18,511,19,0,0,0,0,0,0,27,22,0,0,0,3,402,54,4,0,0,0,0,0
680,511,19,0,49,18,511,19,0,0,0,0,0,0,25,23,0,0,0,5,403,51,5,0,0,0,0,0
681,511,19,0,48,18,511,19,0,0,0,0,0,0,23,24,0,0,0,3,409,48,5,0,0,0,0,0
682,511,19,0,47,18,511,19,0,0,0,0,0,0,21,25,0,0,0,2,410,46,8,0,0,0,0,0
683,511,19,0,46,18,511,19,0,0,0,0,0,0,23,23,0,0,0,4,411,42,9,0,0,0,0,0
684,511,19,0,45,18,511,19,0,0,0,0,0,0,23,22,0,0,0,6,407,47,7,0,0,0,0,0
685,511,19,0,44,18,511,19,0,0,0,0,0,0,24,20,0,0,0,3,403,53,9,0,0,0,0,0
686,511,19,0,43,18,511,19,0,0,0,0,0,0,23,20,0,0,0,3,402,58,6,0,0,0,0,0
687,511,19,0,43,18,511,19,0,0,0,0,0,0,24,19,0,0,0,4,402,58,5,0,0,0,0,0
688,511,20,0,42,18,511,20,0,0,0,0,0,0,25,17,0,0,0,2,404,60,4,0,0,0,0,0
689,511,19,0,41,18,511,19,0,0,0,0,0,1,25,15,0,0,0,4,403,61,3,0,0,0,0,0
690,511,19,0,40,18,511,19,0,0,0,0,0,0,27,13,0,0,0,1,408,61,2,0,0,0,0,0
691,511,19,0,39,18,511,19,0,0,0,0,0,1,26,12,0,0,0,2,401,66,4,0,0,0,0,0
692,511,19,0,38,18,511,19,0,0,0,0,0,1,26,11,0,0,0,5,403,64,2,0,0,0,0,0
693,511,19,0,37,18,511,19,0,0,0,0,0,0,25,12,0,0,0,1,404,68,2,0,0,0,0,0
694,511,19,0,36,18,511,19,0,0,0,0,0,0,23,13,0,0,0,4,406,63,3,0,0,0,0,0
695,511,19,0,35,18,511,19,0,0,0,0,0,0,21,14,0,0,0,7,403,65,2,0,0,0,0,0
696,511,19,0,34,18,511,19,0,0,0,0,0,0,20,13,1,0,0,1,402,72,3,0,0,0,0,0
697,511,19,0,33,18,511,19,0,0,0,0,0,0,18,13,2,0,0,6,398,70,5,0,0,0,0,0
698,511,19,0,32,18,511,19,0,0,0,0,0,0,15,14,3,0,0,0,406,71,3,0,0,0,0,0
699,511,19,0,31,18,511,19,0,0,0,0,0,0,13,16,2,0,0,3,397,80,1,0,0,0,0,0
700,511,19,0,31,18,511,19,0,0,0,0,0,0,14,16,1,0,0,1,407,73,0,0,0,0,0,0
701,511,19,0,30,18,511,19,0,0,0,0,0,0,10,20,0,0,0,5,407,70,0,0,0,0,0,0
702,511,19,0,30,18,511,19,0,0,0,0,0,0,10,20,0,0,0,3,407,71,1,0,0,0,0,0
703,511,19,0,29,18,511,19,0,0,0,0,0,1,8,20,0,0,0,3,406,74,0,0,0,0,0,0
704,511,19,0,28,18,511,19,0,0,0,0,0,0,6,22,0,0,0,2,404,78,0,0,0,0,0,0
705,511,19,0,27,18,511,19,0,0,0,0,0,0,9,18,1,0,0,1,405,78,0,0,0,0,0,0
706,511,19,0,26,18,511,19,0,0,0,0,0,0,9,15,2,0,0,0,403,83,0,0,0,0,0,0
707,511,19,0,25,18,511,19,0,0,0,0,0,0,6,14,5,0,0,1,403,83,0,0,0,0,0,0
708,511,19,0,24,18,511,19,0,0,0,0,0,0,5,14,5,0,0,2,405,80,1,0,0,0,0,0
709,511,19,0,23,18,511,19,0,0,0,0,0,0,6,12,5,0,0,0,410,79,0,0,0,0,0,0
710,511,19,0,22,18,511,19,0,0,0,0,0,0,6,12,4,0,0,3,398,89,0,0,0,0,0,0
711,511,19,0,21,18,511,19,0,0,0,0,0,0,8,9,4,0,0,4,393,91,3,0,0,0,0,0
712,511,19,0,20,18,511,19,0,0,0,0,0,0,6,9,5,0,0,5,387,92,8,0,0,0,0,0
713,511,19,0,19,18,511,19,0,0,0,0,0,0,7,7,5,0,0,4,388,93,8,0,0,0,0,0
714,511,19,0,18,18,511,19,0,0,0,0,0,0,3,10,5,0,0,2,398,87,7,0,0,0,0,0
715,511,19,0,17,18,511,19,0,0,0,0,0,0,4,10,3,0,0,1,405,84,5,0,0,0,0,0
716,511,19,0,16,18,511,19,0,0,0,0,0,0,4,9,3,0,0,2,405,84,5,0,0,0,0,0
717,511,19,0,15,18,511,19,0,0,0,0,0,0,4,9,2,0,0,4,412,76,5,0,0,0,0,0
718,511,19,0,14,18,511,19,0,0,0,0,0,0,5,8,1,0,0,3,412,79,4,0,0,0,0,0
719,511,18,0,13,18,511,18,0,0,0,0,0,0,6,7,0,0,0,3,403,89,4,0,0,0,0,0
720,511,19,0,13,18,511,19,0,0,0,0,0,0,8,5,0,0,0,2,404,89,4,0,0,0,0,0
721,511,19,0,12,18,511,19,0,0,0,0,0,0,7,5,0,0,0,3,412,82,3,0,0,0,0,0
722,511,19,0,11,18,511,19,0,0,0,0,0,0,6,5,0,0,0,5,413,81,2,0,0,0,0,0
723,511,19,0,10,18,511,19,0,0,0,0,0,0,7,3,0,0,0,1,416,84,1,0,0,0,0,0
724,511,19,0,9,18,511,19,0,0,0,0,0,0,6,4,0,0,0,0,415,85,2,0,0,0,0,0
725,511,19,0,9,18,511,19,0,0,0,0,0,0,6,3,0,0,0,3,410,88,2,0,0,0,0,0
726,511,19,0,8,18,511,19,0,0,0,0,0,0,7,1,0,0,0,4,413,86,1,0,0,0,0,0
727,511,19,0,8,18,511,19,0,0,0,0,0,0,8,0,0,0,0,2,414,86,2,0,0,0,0,0
728,511,19,0,7,18,511,19,0,0,0,0,0,0,7,0,0,0,0,2,408,94,1,0,0,0,0,0
729,511,19,0,7,18,511,19,0,0,0,0,0,0,7,0,0,0,0,3,408,91,3,0,0,0,0,0
730,511,19,0,6,18,511,19,0,0,0,0,0,0,6,0,0,0,0,1,410,93,2,0,0,0,0,0
731,511,19,0,5,18,511,19,0,0,0,0,0,0,5,0,0,0,0,1,415,89,2,0,0,0,0,0
732,511,19,0,4,18,511,19,0,0,0,0,0,0,4,0,0,0,0,4,408,93,3,0,0,0,0,0
733,511,19,0,3,18,511,19,0,0,0,0,0,1,2,0,0,0,0,4,405,96,4,0,0,0,0,0
734,511,19,0,2,18,511,19,0,0,0,0,0,0,2,0,0,0,0,2,409,94,5,0,0,0,0,0
735,511,19,0,1,18,511,19,0,0,0,0,0,0,1,0,0,0,0,4,411,90,6,0,0,0,0,0
736,511,19,0,1,18,511,19,0,0,0,0,0,0,1,0,0,0,0,2,412,91,6,0,0,0,0,0
737,511,19,0,0,18,511,19,0,0,0,0,0,0,0,0,0,0,0,5,419,81,7,0,0,0,0,0
738,511,19,0,0,18,511,19,0,0,0,0,0,0,0,0,0,0,0,2,425,75,10,0,0,0,0,0
739,511,19,0,0,18,511,19,0,0,0,0,0,0,0,0,0,0,0,6,428,70,8,0,0,0,0,0
740,511,19,0,0,18,511,19,0,0,0,0,0,0,0,0,0,0,0,4,433,69,6,0,0,0,0,0
741,511,19,0,0,18,511,19,0,0,0,0,0,0,0,0,0,0,0,3,439,64,6,0,0,0,0,0
742,511,19,0,0,18,511,19,0,0,0,0,0,0,0,0,0,0,0,1,437,71,3,0,0,0,0,0
743,511,19,0,0,18,511,19,0,0,0,0,0,0,0,0,0,0,0,2,440,69,1,0,0,0,0,0
744,511,19,0,0,18,511,19,0,0,0,0,0,0,0,0,0,0,0,3,436,70,3,0,0,0,0,0
745,511,19,0,0,18,511,19,0,0,0,0,0,0,0,0,0,0,0,0,437,74,1,0,0,0,0,0
746,511,19,0,0,18,511,19,0,0,0,0,0,0,0,0,0,0,0,0,434,77,1,0,0,0,0,0
747,511,19,0,0,18,511,19,0,0,0,0,0,0,0,0,0,0,0,4,424,84,0,0,0,0,0,0
748,511,19,0,0,18,511,19,0,0,0,0,0,0,0,0,0,0,0,5,420,87,0,0,0,0,0,0
749,511,19,0,0,18,511,19,0,0,0,0,0,0,0,0,0,0,0,5,416,91,0,0,0,0,0,0
750,511,19,0,0,18,511,19,0,0,0,0,0,0,0,0,0,0,0,10,413,89,0,0,0,0,0,0
751,511,19,0,0,18,511,19,0,0,0,0,0,0,0,0,0,0,0,4,414,94,0,0,0,0,0,0
752,511,19,0,0,18,511,19,0,0,0,0,0,0,0,0,0,0,0,7,410,95,0,0,0,0,0,0
753,511,19,0,0,18,511,19,0,0,0,0,0,0,0,0,0,0,0,0,414,98,0,0,0,0,0,0
754,511,19,0,0,18,511,19,0,0,0,0,0,0,0,0,0,0,0,0,409,103,0,0,0,0,0,0
755,511,19,0,0,18,511,19,0,0,0,0,0,0,0,0,0,0,0,1,410,100,1,0,0,0,0,0
756,511,19,0,0,18,511,19,0,0,0,0,0,0,0,0,0,0,0,3,409,97,3,0,0,0,0,0
757,511,20,0,1,18,511,20,0,0,0,0,0,0,0,0,0,0,0,6,412,86,8,0,0,0,0,0
758,511,20,0,0,18,511,20,0,0,0,0,0,0,0,0,0,0,0,5,416,83,8,0,0,0,0,0
759,511,20,0,0,18,511,20,0,0,0,0,0,0,0,0,0,0,0,1,416,87,8,0,0,0,0,0
760,511,19,0,0,18,511,19,0,0,0,0,0,0,0,0,0,0,0,2,417,85,8,0,0,0,0,0
761,511,19,0,0,18,511,19,0,0,0,0,0,0,0,0,0,0,0,6,413,88,4,1,0,0,0,0
762,511,19,0,0,18,511,19,0,0,0,0,0,0,0,0,0,0,0,1,418,86,6,1,0,0,0,0
763,511,19,0,0,18,511,19,0,0,0,0,0,0,0,0,0,0,0,5,418,80,9,0,0,0,0,0
764,511,19,0,0,18,511,19,0,0,0,0,0,0,0,0,0,0,0,1,415,88,8,0,0,0,0,0
765,511,19,0,0,18,511,19,0,0,0,0,0,0,0,0,0,0,0,1,416,88,7,0,0,0,0,0
766,511,19,0,0,18,511,19,0,0,0,0,0,0,0,0,0,0,0,2,423,81,6,0,0,0,0,0
767,511,19,0,0,18,511,19,0,0,0,0,0,0,0,0,0,0,0,1,425,79,7,0,0,0,0,0
768,511,19,0,0,18,511,19,0,0,0,0,0,0,0,0,0,0,0,0,426,81,5,0,0,0,0,0
769,511,19,0,0,18,511,19,0,0,0,0,0,0,0,0,0,0,0,0,427,81,4,0,0,0,0,0
