slurm_task_id,trial_id,relative_update,cross_counter
1,2,241,1
1,12,625,1
1,13,661,1
1,14,287,1
2,2,644,1
2,28,621,1
2,31,483,1
2,39,656,1
3,5,293,1
3,15,218,1
3,15,336,2
3,18,350,1
3,21,304,1
3,22,195,1
3,41,383,1
3,46,322,1
4,25,642,1
4,26,539,1
4,27,658,1
4,30,392,1
4,33,611,1
4,36,337,1
4,39,582,1
4,44,289,1
4,47,625,1
5,3,367,1
5,15,663,1
5,43,153,1
5,45,453,1
5,50,401,1
6,2,653,1
6,4,503,1
6,7,576,1
6,18,192,1
6,20,604,1
6,33,326,1
6,48,433,1
7,5,633,1
7,6,634,1
7,13,526,1
7,20,732,1
7,22,650,1
7,30,439,1
7,32,607,1
7,35,300,1
7,41,596,1
7,43,644,1
8,1,689,1
8,5,766,1
8,16,266,1
8,18,526,1
8,22,627,1
8,24,401,1
8,38,442,1
8,44,588,1
9,1,479,1
9,3,328,1
9,6,758,1
9,7,376,1
9,20,399,1
9,21,563,1
9,25,503,1
9,31,280,1
9,49,157,1
10,8,432,1
10,14,641,1
10,29,673,1
10,34,515,1
10,35,336,1
10,47,461,1
11,5,253,1
11,6,317,1
11,16,256,1
11,19,576,1
11,21,332,1
11,22,262,1
11,26,347,1
11,29,283,1
11,29,342,2
11,31,536,1
11,36,556,1
11,37,457,1
11,43,487,1
11,45,345,1
12,1,387,1
12,3,444,1
12,12,635,1
12,16,673,1
12,21,266,1
12,26,331,1
12,34,412,1
12,34,137,2
12,45,574,1
12,49,639,1
13,2,574,1
13,11,344,1
13,18,615,1
13,21,126,1
13,28,495,1
13,29,451,1
13,30,652,1
13,36,483,1
14,1,385,1
14,10,625,1
14,19,240,1
14,23,634,1
14,28,289,1
14,37,357,1
15,6,379,1
15,12,577,1
15,14,559,1
15,15,347,1
15,16,689,1
15,19,429,1
15,25,666,1
15,30,611,1
15,31,571,1
15,36,464,1
15,40,359,1
15,48,460,1
16,1,321,1
16,2,294,1
16,3,275,1
16,7,369,1
16,8,608,1
16,11,164,1
16,11,230,2
16,20,314,1
16,22,357,1
16,26,383,1
16,28,214,1
16,31,459,1
16,31,183,2
16,35,601,1
16,36,280,1
16,36,169,2
16,39,310,1
16,41,294,1
17,19,484,1
17,22,650,1
17,26,151,1
17,30,512,1
17,31,631,1
17,33,469,1
18,4,654,1
18,12,663,1
18,13,301,1
18,14,422,1
18,15,553,1
18,18,328,1
18,39,429,1
18,41,560,1
19,20,238,1
19,28,304,1
19,31,390,1
19,33,330,1
19,36,288,1
19,48,470,1
20,2,377,1
20,5,521,1
20,7,581,1
20,9,554,1
20,13,429,1
20,23,268,1
20,24,729,1
20,26,332,1
20,26,251,2
20,28,565,1
20,34,304,1
20,41,401,1
20,42,521,1
20,43,291,1
21,3,275,1
21,8,622,1
21,17,290,1
21,17,131,2
21,21,377,1
21,42,453,1
21,43,550,1
21,45,480,1
22,3,648,1
22,19,281,1
22,21,645,1
22,25,269,1
22,30,489,1
22,31,395,1
22,37,631,1
22,48,389,1
23,10,685,1
23,15,481,1
23,35,629,1
23,37,562,1
24,1,486,1
24,5,306,1
24,10,494,1
24,18,622,1
24,25,429,1
24,35,483,1
24,40,547,1
24,45,286,1
24,48,496,1
25,1,490,1
25,9,767,1
25,11,399,1
25,13,292,1
25,18,228,1
25,24,566,1
25,26,626,1
25,27,473,1
25,29,404,1
25,30,516,1
25,49,618,1
26,1,569,1
26,16,501,1
26,20,492,1
26,21,375,1
26,28,545,1
26,37,672,1
26,45,492,1
26,46,712,1
26,47,497,1
27,1,623,1
27,3,746,1
27,5,562,1
27,10,432,1
27,16,686,1
27,26,283,1
27,48,448,1
27,48,243,2
28,1,587,1
28,8,703,1
28,9,521,1
28,15,584,1
28,18,618,1
28,22,578,1
28,24,516,1
28,28,688,1
28,33,525,1
28,34,653,1
28,38,263,1
28,42,311,1
28,44,577,1
28,47,368,1
29,2,408,1
29,8,480,1
29,9,532,1
29,11,606,1
29,13,601,1
29,14,282,1
29,22,491,1
29,27,510,1
29,44,469,1
29,45,609,1
29,46,604,1
29,48,300,1
29,49,595,1
30,9,488,1
30,15,562,1
30,17,224,1
31,1,352,1
31,3,313,1
31,3,313,2
31,6,518,1
31,11,382,1
31,14,606,1
31,24,548,1
31,32,303,1
31,42,225,1
31,45,446,1
32,2,545,1
32,7,358,1
32,20,492,1
32,21,555,1
32,27,405,1
32,41,717,1
32,43,367,1
32,44,627,1
33,3,407,1
33,4,393,1
33,5,265,1
33,8,355,1
33,9,664,1
33,28,304,1
33,29,635,1
33,30,432,1
33,31,287,1
33,36,440,1
33,44,384,1
34,3,610,1
34,4,420,1
34,8,297,1
34,31,218,1
34,37,141,1
34,37,406,2
34,42,220,1
34,43,584,1
35,3,300,1
35,9,354,1
35,30,396,1
35,32,683,1
35,39,565,1
36,7,220,1
36,8,746,1
36,23,217,1
36,24,471,1
36,25,630,1
36,30,394,1
36,31,379,1
36,31,147,2
36,38,316,1
36,46,316,1
37,7,527,1
37,9,161,1
37,9,464,2
37,12,339,1
37,20,716,1
37,26,429,1
37,27,661,1
37,31,732,1
37,32,555,1
37,33,577,1
37,35,656,1
37,43,480,1
37,45,533,1
37,46,465,1
37,48,354,1
37,49,487,1
38,11,243,1
38,11,348,2
38,16,470,1
38,21,627,1
38,36,479,1
38,40,540,1
38,44,354,1
38,47,555,1
39,6,331,1
39,12,489,1
39,12,251,2
39,17,522,1
39,34,342,1
39,35,393,1
39,42,202,1
39,43,381,1
40,2,435,1
40,2,311,2
40,7,596,1
40,11,408,1
40,12,290,1
40,22,399,1
40,25,315,1
40,27,529,1
40,28,634,1
40,36,355,1
40,38,569,1
40,41,369,1
40,44,727,1
41,6,533,1
41,12,361,1
41,13,471,1
41,21,351,1
41,28,317,1
41,28,251,2
41,33,389,1
41,35,296,1
41,49,509,1
42,1,373,1
42,3,443,1
42,6,352,1
42,10,411,1
42,11,287,1
42,11,385,2
42,13,372,1
42,17,287,1
42,19,551,1
42,26,263,1
42,27,601,1
42,35,426,1
42,39,273,1
42,43,567,1
42,45,517,1
42,50,351,1
43,2,752,1
43,6,451,1
43,10,462,1
43,11,625,1
43,19,401,1
43,21,467,1
43,22,532,1
43,24,526,1
43,29,309,1
43,32,428,1
43,33,456,1
43,43,288,1
44,1,587,1
44,14,620,1
44,30,546,1
44,31,267,1
44,32,421,1
44,35,147,1
44,44,620,1
44,50,542,1
45,8,331,1
45,11,403,1
45,12,639,1
45,14,319,1
45,15,431,1
45,24,703,1
45,25,675,1
45,33,271,1
45,36,630,1
45,38,378,1
45,44,624,1
45,50,493,1
46,4,639,1
46,28,638,1
46,39,257,1
46,49,664,1
46,50,624,1
47,3,677,1
47,8,388,1
47,8,217,2
47,11,531,1
47,22,385,1
47,23,385,1
47,28,469,1
47,30,540,1
47,31,265,1
47,34,482,1
47,41,417,1
48,2,463,1
48,11,416,1
48,12,480,1
48,15,289,1
48,27,199,1
48,30,508,1
48,31,262,1
48,32,331,1
48,34,569,1
48,39,330,1
49,7,256,1
49,12,488,1
49,21,310,1
49,24,499,1
49,28,542,1
49,29,427,1
49,30,177,1
49,33,314,1
49,33,316,2
49,34,171,1
49,35,345,1
49,38,574,1
49,48,213,1
50,5,622,1
50,6,479,1
50,11,331,1
50,17,395,1
50,21,353,1
50,27,493,1
50,34,257,1
50,35,206,1
50,38,551,1
50,40,349,1
51,2,305,1
51,5,574,1
51,5,160,2
51,46,520,1
52,5,300,1
52,12,168,1
52,23,198,1
52,25,241,1
52,28,313,1
52,33,163,1
52,33,122,2
52,36,485,1
52,38,405,1
52,45,348,1
53,2,307,1
53,3,429,1
53,6,386,1
53,9,172,1
53,12,391,1
53,14,675,1
53,22,210,1
53,23,558,1
53,24,258,1
53,25,689,1
53,27,633,1
53,28,508,1
53,36,468,1
53,39,550,1
53,45,624,1
53,47,215,1
53,49,343,1
54,11,270,1
54,13,172,1
54,13,258,2
54,15,672,1
54,16,358,1
54,19,560,1
54,21,381,1
54,22,470,1
54,24,326,1
54,33,427,1
54,37,517,1
54,38,579,1
54,39,347,1
54,45,473,1
54,50,461,1
55,4,356,1
55,5,169,1
55,6,439,1
55,12,650,1
55,13,430,1
55,13,265,2
55,17,508,1
55,18,584,1
55,21,245,1
55,21,222,2
55,24,434,1
55,29,486,1
56,1,575,1
56,3,374,1
56,4,432,1
56,7,604,1
56,9,421,1
56,13,538,1
56,18,346,1
56,18,309,2
56,20,640,1
56,31,221,1
56,32,543,1
56,44,607,1
56,47,727,1
57,2,616,1
57,33,314,1
57,34,667,1
57,43,535,1
58,2,344,1
58,6,409,1
58,7,310,1
58,15,561,1
58,16,445,1
58,17,399,1
58,25,418,1
58,30,608,1
58,32,150,1
58,40,621,1
59,8,363,1
59,11,234,1
59,21,462,1
59,28,421,1
59,31,491,1
59,34,636,1
59,41,479,1
59,41,184,2
59,48,471,1
60,2,437,1
60,8,570,1
60,11,706,1
60,15,344,1
60,17,306,1
60,20,580,1
60,22,209,1
60,32,750,1
60,35,428,1
60,39,622,1
60,41,152,1
60,44,327,1
61,20,605,1
61,22,502,1
61,28,662,1
61,35,516,1
61,41,438,1
61,48,351,1
62,1,322,1
62,3,432,1
62,3,285,2
62,11,298,1
62,12,197,1
62,13,579,1
62,28,312,1
62,35,656,1
62,41,370,1
63,22,317,1
63,30,384,1
63,31,197,1
63,32,594,1
63,35,460,1
63,36,696,1
63,37,638,1
63,38,585,1
63,43,653,1
63,49,596,1
64,8,266,1
64,20,560,1
64,26,610,1
64,29,413,1
64,37,413,1
65,3,509,1
65,8,627,1
65,26,517,1
65,32,587,1
65,33,375,1
65,41,555,1
65,42,177,1
65,44,493,1
66,2,614,1
66,4,407,1
66,6,460,1
66,8,565,1
66,27,509,1
66,30,515,1
66,33,483,1
66,44,465,1
66,46,389,1
66,47,395,1
66,47,151,2
67,9,262,1
67,14,317,1
67,14,187,2
67,24,556,1
67,25,594,1
67,35,528,1
67,37,431,1
67,41,606,1
67,48,497,1
68,6,613,1
68,8,471,1
68,43,291,1
68,44,575,1
68,46,190,1
68,48,628,1
69,1,212,1
69,5,320,1
69,16,542,1
69,29,698,1
69,39,294,1
69,41,501,1
69,46,473,1
69,48,437,1
70,3,594,1
70,8,543,1
70,8,205,2
70,9,508,1
70,11,264,1
70,20,647,1
70,22,379,1
70,25,288,1
70,28,396,1
70,34,388,1
70,41,464,1
70,44,406,1
70,45,536,1
71,1,621,1
71,2,568,1
71,4,573,1
71,6,291,1
71,9,458,1
71,13,358,1
71,14,326,1
71,15,607,1
71,19,399,1
71,22,327,1
71,31,280,1
72,6,599,1
72,11,536,1
72,21,640,1
72,23,448,1
72,26,605,1
72,34,539,1
72,38,435,1
72,44,540,1
73,3,586,1
73,7,347,1
73,9,593,1
73,10,265,1
73,11,656,1
73,24,304,1
73,26,479,1
73,27,759,1
73,43,640,1
74,8,356,1
74,8,201,2
74,10,460,1
74,19,657,1
74,23,289,1
74,25,518,1
74,37,506,1
74,39,591,1
74,40,351,1
74,41,591,1
74,42,747,1
74,43,86,1
74,46,754,1
74,49,280,1
74,50,546,1
75,4,151,1
75,8,540,1
75,10,490,1
75,13,627,1
75,30,618,1
75,31,486,1
75,32,617,1
75,40,607,1
75,49,388,1
76,2,660,1
76,19,572,1
76,26,577,1
76,28,183,1
76,35,546,1
76,36,393,1
76,37,339,1
76,41,484,1
76,42,77,1
77,5,582,1
77,6,423,1
77,9,344,1
77,10,603,1
77,11,278,1
77,16,407,1
77,18,394,1
77,22,282,1
77,26,470,1
77,28,411,1
77,29,448,1
77,31,583,1
77,34,110,1
77,40,510,1
77,47,336,1
77,48,536,1
78,3,626,1
78,6,666,1
78,8,494,1
78,22,477,1
78,25,562,1
78,31,263,1
78,32,626,1
79,4,229,1
79,9,704,1
79,17,195,1
79,19,588,1
79,26,609,1
79,27,717,1
79,36,529,1
79,37,500,1
79,38,584,1
79,40,629,1
79,43,271,1
80,2,665,1
80,3,263,1
80,6,448,1
80,12,561,1
80,23,379,1
80,38,457,1
80,40,231,1
80,42,356,1
80,43,497,1
80,49,505,1
81,1,540,1
81,9,584,1
81,11,669,1
81,12,647,1
81,15,489,1
81,22,464,1
81,25,413,1
81,33,396,1
81,36,695,1
81,38,465,1
82,8,395,1
82,18,346,1
82,19,430,1
82,23,530,1
82,26,291,1
82,33,441,1
82,34,458,1
82,37,576,1
82,39,250,1
82,41,299,1
82,42,382,1
82,42,383,2
82,50,357,1
83,9,472,1
83,14,441,1
83,26,201,1
83,27,525,1
83,28,689,1
83,30,262,1
83,34,498,1
83,40,646,1
83,46,421,1
83,48,353,1
83,48,203,2
84,4,677,1
84,15,590,1
84,19,348,1
84,42,607,1
84,49,483,1
85,2,608,1
85,7,683,1
85,16,378,1
85,21,157,1
85,22,620,1
85,23,182,1
85,28,344,1
85,30,408,1
85,34,474,1
85,36,502,1
85,41,591,1
85,44,499,1
86,3,400,1
86,13,579,1
86,30,191,1
86,31,532,1
86,32,616,1
86,33,292,1
86,39,437,1
86,44,571,1
86,49,569,1
86,50,490,1
87,5,184,1
87,15,275,1
87,16,438,1
87,25,397,1
87,26,399,1
87,30,639,1
87,31,237,1
87,34,602,1
88,3,397,1
88,4,170,1
88,6,472,1
88,7,425,1
88,8,398,1
88,11,615,1
88,20,250,1
88,27,422,1
88,31,296,1
88,46,534,1
88,50,593,1
89,3,386,1
89,8,231,1
89,14,340,1
89,17,590,1
89,26,174,1
89,28,525,1
89,29,681,1
89,42,351,1
89,47,667,1
90,4,517,1
90,10,553,1
90,33,609,1
90,37,555,1
90,48,582,1
91,1,372,1
91,8,385,1
91,17,293,1
91,31,294,1
91,33,124,1
91,37,422,1
91,42,460,1
91,43,620,1
91,45,253,1
91,49,635,1
92,1,419,1
92,2,451,1
92,8,466,1
92,14,436,1
92,16,502,1
92,18,587,1
92,21,393,1
92,31,357,1
92,40,451,1
92,44,626,1
92,46,657,1
93,5,385,1
93,11,204,1
93,12,251,1
93,12,329,2
93,17,542,1
93,24,539,1
93,38,373,1
94,1,548,1
94,5,430,1
94,21,318,1
94,28,512,1
94,31,296,1
94,34,564,1
94,35,664,1
94,36,520,1
94,40,428,1
94,46,376,1
94,46,277,2
94,49,565,1
95,4,379,1
95,14,705,1
95,37,477,1
96,4,600,1
96,11,160,1
96,13,424,1
96,19,601,1
96,23,461,1
96,29,506,1
96,40,331,1
96,49,330,1
96,50,615,1
97,4,446,1
97,8,507,1
97,11,360,1
97,16,441,1
97,27,310,1
97,31,477,1
97,38,358,1
97,42,492,1
97,45,575,1
98,1,563,1
98,10,333,1
98,16,587,1
98,25,599,1
98,26,466,1
98,33,608,1
98,34,576,1
98,36,352,1
98,37,583,1
98,48,368,1
99,2,424,1
99,4,570,1
99,30,291,1
99,45,602,1
99,49,726,1
99,50,416,1
100,2,325,1
100,8,595,1
100,11,471,1
100,13,592,1
100,16,262,1
100,26,471,1
100,32,369,1
100,36,601,1
100,41,448,1
100,46,317,1
100,46,317,2
100,48,256,1
101,2,501,1
101,4,474,1
101,10,392,1
101,16,610,1
101,17,395,1
101,17,346,2
101,33,653,1
101,36,341,1
101,37,632,1
101,45,342,1
102,1,339,1
102,5,549,1
102,16,265,1
102,27,536,1
102,28,219,1
102,28,399,2
102,29,568,1
102,30,392,1
102,38,600,1
102,39,298,1
102,44,422,1
102,49,670,1
103,7,645,1
103,12,427,1
103,12,259,2
103,13,607,1
103,17,508,1
103,19,350,1
103,23,699,1
103,24,431,1
103,28,229,1
103,29,579,1
103,36,525,1
103,41,454,1
103,46,165,1
103,50,399,1
104,1,375,1
104,12,450,1
104,28,419,1
104,32,576,1
104,33,332,1
104,40,281,1
104,41,305,1
104,45,501,1
105,5,604,1
105,6,509,1
105,8,520,1
105,11,405,1
105,12,518,1
105,15,665,1
105,19,487,1
105,27,558,1
105,28,422,1
105,33,607,1
105,35,614,1
105,38,589,1
105,42,594,1
105,43,365,1
105,48,241,1
105,49,663,1
106,7,341,1
106,7,379,2
106,14,311,1
106,16,715,1
106,20,120,1
106,27,634,1
106,28,476,1
106,31,638,1
106,35,235,1
106,39,666,1
106,46,604,1
106,47,421,1
107,1,390,1
107,11,316,1
107,12,476,1
107,23,522,1
107,25,641,1
107,34,208,1
107,35,335,1
107,38,488,1
107,48,665,1
108,1,554,1
108,4,631,1
108,6,510,1
108,7,286,1
108,14,497,1
108,17,419,1
108,25,403,1
108,48,293,1
108,49,385,1
108,50,599,1
109,1,491,1
109,14,487,1
109,18,501,1
109,36,389,1
109,42,578,1
109,43,626,1
110,6,544,1
110,10,312,1
110,11,209,1
110,15,578,1
110,22,228,1
110,23,365,1
110,25,442,1
110,32,232,1
110,33,478,1
110,37,245,1
110,38,543,1
110,39,550,1
110,44,520,1
110,46,718,1
110,50,396,1
111,1,373,1
111,3,264,1
111,5,498,1
111,6,414,1
111,10,515,1
111,13,610,1
111,38,410,1
111,44,541,1
112,8,440,1
112,27,338,1
112,28,220,1
112,28,336,2
112,29,423,1
112,33,248,1
112,39,595,1
112,49,570,1
113,5,645,1
113,6,545,1
113,14,348,1
113,16,613,1
113,23,638,1
113,38,503,1
113,41,363,1
113,42,530,1
114,3,642,1
114,5,564,1
114,18,242,1
114,26,438,1
114,38,675,1
114,40,490,1
115,9,599,1
115,14,169,1
115,15,201,1
115,16,617,1
115,26,627,1
115,28,438,1
115,34,276,1
116,10,638,1
116,11,263,1
116,12,465,1
116,16,540,1
116,18,607,1
116,29,426,1
116,33,478,1
116,41,555,1
117,12,610,1
117,18,550,1
117,26,547,1
117,27,504,1
117,45,559,1
118,6,551,1
118,10,301,1
118,13,546,1
118,14,104,1
118,38,473,1
118,39,355,1
118,50,289,1
119,4,643,1
119,5,637,1
119,10,613,1
119,16,601,1
119,27,427,1
119,28,615,1
119,44,454,1
119,48,257,1
120,7,365,1
120,39,558,1
120,44,311,1
121,3,523,1
121,14,468,1
121,15,597,1
121,18,246,1
121,23,622,1
121,26,344,1
121,38,310,1
122,7,337,1
122,18,552,1
122,30,297,1
122,31,316,1
122,34,310,1
122,36,406,1
122,39,632,1
122,40,534,1
122,44,559,1
122,46,282,1
123,4,460,1
123,12,491,1
123,14,200,1
123,40,197,1
123,49,541,1
124,2,283,1
124,7,572,1
124,15,588,1
124,17,635,1
124,19,306,1
124,37,201,1
124,43,578,1
124,48,502,1
125,2,317,1
125,6,712,1
125,9,493,1
125,14,372,1
125,17,415,1
125,18,449,1
125,26,475,1
125,29,577,1
125,43,531,1
125,46,312,1
125,48,508,1
125,49,518,1
126,8,561,1
126,12,629,1
126,20,538,1
126,25,362,1
126,31,382,1
126,39,288,1
126,46,394,1
126,48,625,1
127,2,638,1
127,9,478,1
127,22,267,1
127,24,562,1
127,33,623,1
127,39,521,1
127,43,503,1
127,44,597,1
128,1,590,1
128,9,387,1
128,10,236,1
128,10,274,2
128,29,149,1
129,2,246,1
129,2,391,2
129,7,270,1
129,10,690,1
129,11,400,1
129,15,375,1
129,21,423,1
129,23,473,1
129,26,348,1
129,30,405,1
129,31,344,1
129,44,419,1
130,2,299,1
130,29,462,1
130,44,319,1
131,2,411,1
131,4,637,1
131,5,366,1
131,9,365,1
131,10,276,1
131,24,601,1
131,25,473,1
131,29,549,1
131,41,189,1
131,41,184,2
132,5,413,1
132,6,490,1
132,7,612,1
132,14,617,1
132,25,486,1
132,28,542,1
132,38,618,1
132,48,565,1
133,1,308,1
133,6,233,1
133,10,524,1
133,14,555,1
133,15,628,1
133,18,604,1
133,22,390,1
133,32,465,1
133,33,535,1
133,37,548,1
133,42,400,1
133,47,469,1
133,50,566,1
134,3,225,1
134,6,297,1
134,7,377,1
134,13,428,1
134,15,549,1
134,18,513,1
134,22,618,1
134,27,402,1
134,37,651,1
134,39,226,1
134,42,187,1
134,47,173,1
135,5,587,1
135,13,516,1
135,24,592,1
135,31,628,1
135,36,433,1
135,39,207,1
135,50,701,1
136,2,588,1
136,8,442,1
136,10,350,1
136,15,282,1
136,20,486,1
136,22,599,1
136,25,439,1
136,31,343,1
136,40,652,1
137,2,428,1
137,4,424,1
137,16,583,1
137,19,314,1
137,35,632,1
137,39,463,1
137,42,426,1
137,44,598,1
137,49,443,1
138,1,250,1
138,6,344,1
138,11,252,1
138,17,408,1
138,19,556,1
138,21,506,1
138,21,108,2
138,24,580,1
138,34,442,1
138,46,392,1
138,48,648,1
139,16,638,1
139,18,682,1
139,24,562,1
139,26,626,1
139,32,419,1
139,43,272,1
140,1,631,1
140,20,569,1
140,28,351,1
140,29,331,1
140,35,515,1
140,39,254,1
140,50,510,1
141,2,458,1
141,6,587,1
141,7,540,1
141,10,640,1
141,11,346,1
141,12,661,1
141,13,504,1
141,17,444,1
141,40,417,1
141,45,491,1
141,50,578,1
142,5,424,1
142,6,638,1
142,13,460,1
142,15,552,1
142,16,532,1
142,30,648,1
142,36,319,1
142,39,209,1
142,48,645,1
143,1,538,1
143,20,591,1
143,24,576,1
143,25,600,1
143,26,562,1
143,27,261,1
143,32,377,1
143,35,444,1
143,36,634,1
143,44,311,1
143,46,725,1
143,47,299,1
143,50,288,1
144,5,441,1
144,10,607,1
144,17,272,1
144,22,559,1
144,31,433,1
144,34,229,1
144,46,527,1
144,50,604,1
145,5,543,1
145,7,239,1
145,7,317,2
145,15,535,1
145,32,612,1
145,39,568,1
145,45,507,1
146,4,600,1
146,11,541,1
146,15,559,1
146,24,660,1
146,40,424,1
146,43,611,1
146,44,431,1
146,48,516,1
147,16,566,1
147,21,618,1
147,34,345,1
147,37,537,1
147,50,247,1
148,6,469,1
148,6,238,2
148,12,434,1
148,25,158,1
148,32,598,1
148,38,675,1
148,44,338,1
149,6,440,1
149,8,509,1
149,10,557,1
149,13,496,1
149,26,637,1
149,35,502,1
149,41,308,1
149,47,266,1
150,2,360,1
150,6,326,1
150,8,386,1
150,24,499,1
150,27,583,1
150,43,173,1
150,46,384,1
151,2,428,1
151,12,380,1
151,13,450,1
151,14,497,1
151,21,578,1
151,25,376,1
151,26,573,1
151,33,419,1
151,42,446,1
151,44,431,1
152,2,288,1
152,5,656,1
152,10,459,1
152,14,196,1
152,16,253,1
152,26,382,1
152,26,182,2
152,31,559,1
152,32,641,1
152,33,627,1
152,35,526,1
152,40,346,1
153,2,325,1
153,4,338,1
153,8,591,1
153,27,506,1
153,33,584,1
153,34,489,1
153,36,631,1
153,41,279,1
153,43,447,1
153,47,477,1
153,47,218,2
153,50,630,1
154,9,631,1
154,14,631,1
154,16,373,1
154,30,363,1
154,35,571,1
154,41,627,1
154,48,431,1
155,17,681,1
155,21,428,1
155,35,127,1
155,41,564,1
155,46,664,1
156,4,443,1
156,11,517,1
156,16,476,1
156,22,652,1
156,32,677,1
157,6,700,1
157,16,276,1
157,25,629,1
157,34,420,1
157,39,387,1
157,41,491,1
158,6,605,1
158,19,476,1
158,35,457,1
158,37,503,1
158,42,494,1
158,47,380,1
159,21,493,1
159,22,371,1
159,22,382,2
159,25,509,1
159,29,578,1
159,30,523,1
159,32,373,1
159,41,424,1
159,42,320,1
159,46,684,1
160,26,358,1
160,31,326,1
160,31,368,2
160,32,306,1
160,44,358,1
160,47,340,1
161,4,368,1
161,12,471,1
161,34,403,1
161,49,532,1
161,49,183,2
162,17,313,1
162,23,581,1
162,29,470,1
162,32,251,1
162,33,622,1
162,45,616,1
163,3,582,1
163,11,450,1
163,22,568,1
163,31,574,1
163,38,492,1
163,45,488,1
164,4,550,1
164,14,581,1
164,18,593,1
164,21,322,1
164,23,411,1
164,28,419,1
164,31,527,1
164,36,690,1
164,42,495,1
165,3,624,1
165,5,490,1
165,7,527,1
165,8,207,1
165,9,464,1
165,10,687,1
165,11,607,1
165,18,384,1
165,20,642,1
165,31,550,1
165,35,322,1
166,2,637,1
166,4,379,1
166,6,589,1
166,7,392,1
166,10,724,1
166,11,504,1
166,12,592,1
166,25,413,1
166,26,619,1
166,30,522,1
166,43,436,1
166,46,479,1
166,48,397,1
167,15,593,1
167,25,618,1
167,27,444,1
167,28,470,1
167,29,325,1
167,33,481,1
167,37,542,1
167,38,675,1
168,2,604,1
168,3,535,1
168,18,484,1
168,29,524,1
168,49,619,1
169,1,666,1
169,2,481,1
169,9,280,1
169,11,424,1
169,13,366,1
169,31,450,1
169,33,511,1
169,34,527,1
169,38,310,1
169,38,185,2
169,42,479,1
169,43,677,1
169,48,356,1
170,5,461,1
170,7,373,1
170,9,437,1
170,21,479,1
170,29,399,1
170,37,436,1
170,38,590,1
170,42,317,1
170,45,573,1
170,47,617,1
170,48,265,1
171,5,229,1
171,8,627,1
171,14,359,1
171,15,585,1
171,17,285,1
171,32,526,1
171,33,508,1
171,34,562,1
172,11,664,1
172,18,441,1
172,24,346,1
172,42,538,1
172,48,544,1
173,16,496,1
173,18,627,1
173,19,515,1
173,20,634,1
173,21,390,1
173,23,612,1
173,37,408,1
173,39,621,1
173,40,365,1
174,20,633,1
174,23,646,1
174,31,345,1
174,31,319,2
174,33,373,1
174,39,625,1
174,49,466,1
175,5,486,1
175,19,410,1
175,28,376,1
175,31,614,1
175,41,457,1
176,15,329,1
176,16,671,1
176,19,321,1
176,23,386,1
176,25,469,1
176,34,524,1
176,38,594,1
176,41,714,1
176,45,324,1
176,49,409,1
177,1,489,1
177,6,357,1
177,12,379,1
177,17,466,1
177,23,269,1
177,26,654,1
177,27,538,1
177,48,258,1
178,3,484,1
178,4,523,1
178,8,487,1
178,19,354,1
178,21,461,1
178,41,349,1
178,42,468,1
178,46,202,1
178,50,373,1
179,7,386,1
179,8,529,1
179,20,553,1
179,27,643,1
179,28,598,1
179,46,552,1
180,1,460,1
180,21,358,1
180,32,500,1
180,35,471,1
180,38,661,1
180,39,220,1
180,49,675,1
181,4,613,1
181,13,730,1
181,18,608,1
181,37,515,1
181,44,667,1
181,47,289,1
181,50,414,1
182,5,519,1
182,10,360,1
182,11,341,1
182,19,619,1
182,27,297,1
182,31,586,1
182,42,263,1
182,45,444,1
182,46,425,1
182,47,238,1
183,2,508,1
183,26,417,1
183,33,276,1
183,34,311,1
183,36,427,1
183,49,510,1
184,1,343,1
184,4,273,1
184,8,425,1
184,18,539,1
184,19,507,1
184,20,506,1
184,21,538,1
184,26,407,1
184,32,678,1
184,34,382,1
184,36,525,1
184,47,559,1
185,1,578,1
185,4,277,1
185,9,455,1
185,13,344,1
185,19,590,1
185,24,416,1
185,25,661,1
185,31,209,1
185,34,271,1
185,36,516,1
185,49,662,1
186,2,396,1
186,3,532,1
186,7,497,1
186,14,148,1
186,17,525,1
186,20,571,1
186,25,555,1
186,37,481,1
186,41,540,1
186,42,215,1
186,46,426,1
187,6,535,1
187,15,454,1
187,17,369,1
187,29,478,1
187,30,548,1
187,33,483,1
187,35,403,1
187,43,443,1
188,2,355,1
188,22,416,1
188,25,298,1
188,30,294,1
188,35,587,1
188,39,678,1
189,8,542,1
189,21,564,1
189,22,423,1
189,26,324,1
189,28,617,1
189,35,285,1
189,45,557,1
190,4,311,1
190,5,373,1
190,6,210,1
190,23,694,1
190,29,217,1
190,37,644,1
190,44,627,1
190,49,523,1
191,4,317,1
191,5,288,1
191,9,380,1
191,16,190,1
191,20,252,1
191,21,524,1
191,22,300,1
191,26,288,1
191,27,606,1
191,28,533,1
191,33,350,1
191,39,762,1
191,47,421,1
191,47,239,2
192,4,527,1
192,7,484,1
192,14,304,1
192,19,490,1
192,26,349,1
192,30,636,1
192,31,544,1
192,41,664,1
192,44,477,1
192,46,475,1
193,4,235,1
193,8,542,1
193,16,505,1
193,22,461,1
193,25,204,1
193,29,423,1
193,30,502,1
193,32,411,1
193,34,530,1
193,35,637,1
193,36,482,1
193,37,340,1
193,41,106,1
193,46,564,1
194,3,414,1
194,7,571,1
194,8,358,1
194,10,620,1
194,12,192,1
194,12,180,2
194,15,431,1
194,18,407,1
194,24,388,1
194,26,620,1
194,33,523,1
194,39,538,1
194,40,525,1
194,44,634,1
194,48,560,1
194,50,549,1
195,4,531,1
195,8,306,1
195,14,247,1
195,22,601,1
195,24,474,1
195,31,545,1
195,41,433,1
195,49,533,1
196,1,549,1
196,7,184,1
196,14,507,1
196,36,578,1
196,41,459,1
196,42,438,1
196,43,399,1
197,2,607,1
197,20,506,1
197,27,624,1
197,30,404,1
197,35,375,1
197,36,538,1
197,39,691,1
197,40,366,1
197,40,235,2
197,43,632,1
197,46,511,1
198,4,604,1
198,5,481,1
198,6,259,1
198,6,298,2
198,8,626,1
198,10,249,1
198,16,463,1
198,27,249,1
198,29,692,1
198,30,232,1
198,44,364,1
199,1,526,1
199,1,208,2
199,8,443,1
199,11,488,1
199,13,449,1
199,28,419,1
199,35,516,1
199,37,383,1
199,47,660,1
200,3,601,1
200,5,585,1
200,6,334,1
200,15,516,1
200,20,318,1
200,21,540,1
200,23,472,1
200,26,299,1
200,27,619,1
200,28,543,1
200,37,278,1
